  _real,_time |   _totl,_time |   missn,_time |   timer,_time |   _zulu,_time |   local,_time |   hobbs,_time |   _Vind,_kias |   _Vind,_keas |   Vtrue,_ktas |   Vtrue,_ktgs |   _Vind,__mph |   Vtrue,mphas |   Vtrue,mphgs |   _elev,yoke1 |   ailrn,yoke1 |   ruddr,yoke1 |   _vect,_rqst |   sweep,_rqst |   incid,_rqst |   dihed,_rqst |   retra,_rqst |   water,jetts |   _elev,_surf |   ailrn,_surf |   ruddr,_surf |   nwhel,steer |   _trim,_elev |   _trim,ailrn |   _trim,ruddr |   _flap,handl |   _flap,postn |   _slat,ratio |   sbrak,handl |   sbrak,postn |   pitch,__deg |   _roll,__deg |   hding,_true |   hding,__mag |   alpha,__deg |   _beta,__deg |   hpath,__deg |   vpath,__deg |   _slip,__deg |   __lat,__deg |   __lon,__deg |   __alt,ftmsl |   __alt,ftagl |   ___on,runwy |   __alt,__ind |   __lat,orign |   __lon,orign |     _throttle |       smthddd |
    267.42825 |      22.36181 |      22.36181 |       0.00000 |      20.29260 |      12.29260 |       0.51823 |      91.08167 |      90.29267 |      92.47110 |      94.16526 |     104.81491 |     106.41384 |     108.56231 |      -0.10358 |       0.02014 |       0.00000 |       0.00000 |       0.00000 |       0.00000 |       0.00000 |       0.00000 |       0.00000 |      -0.12639 |       0.02573 |       0.00596 |       0.00000 |       0.00000 |       0.00000 |       0.00000 |       0.00000 |       0.00000 |       0.00000 |       0.00000 |       0.00000 |      -2.68776 |      -1.59381 |     180.25890 |     164.90575 |       0.84935 |       0.10172 |     180.50569 |      -3.46848 |       0.18631 |      47.51039 |    -122.30820 |    1620.02087 |    1481.43054 |       1.00000 |    1628.96033 |      47.50000 |    -122.00000 |       0.00000 |       1.00000 |
    267.55734 |      22.46231 |      22.46231 |       0.00000 |      20.29263 |      12.29263 |       0.51826 |      90.99757 |      90.21872 |      92.39404 |      94.08702 |     104.71814 |     106.32516 |     108.47330 |      -0.10399 |       0.00629 |       0.00000 |       0.00000 |       0.00000 |       0.00000 |       0.00000 |       0.00000 |       0.00000 |      -0.12649 |       0.01274 |       0.00591 |       0.00000 |       0.00000 |       0.00000 |       0.00000 |       0.00000 |       0.00000 |       0.00000 |       0.00000 |       0.00000 |      -2.67630 |      -1.52410 |     180.22154 |     164.86841 |       0.87168 |       0.09490 |     180.47559 |      -3.47880 |       0.18029 |      47.51035 |    -122.30820 |    1619.05127 |    1478.86450 |       1.00000 |    1628.06714 |      47.50000 |    -122.00000 |       0.00000 |       1.00000 | 
    267.68890 |      22.56281 |      22.56281 |       0.00000 |      20.29266 |      12.29266 |       0.51829 |      90.91455 |      90.14385 |      92.31602 |      94.00873 |     104.62260 |     106.23539 |     108.38319 |      -0.10157 |       0.00441 |       0.00000 |       0.00000 |       0.00000 |       0.00000 |       0.00000 |       0.00000 |       0.00000 |      -0.12369 |       0.01121 |       0.00584 |       0.00000 |       0.00000 |       0.00000 |       0.00000 |       0.33333 |       0.01256 |       0.00000 |       0.00000 |       0.00000 |      -2.67303 |      -1.47215 |     180.18719 |     164.83408 |       0.87655 |       0.08994 |     180.44641 |      -3.48013 |       0.17430 |      47.51030 |    -122.30820 |    1618.08081 |    1476.34558 |       1.00000 |    1627.16589 |      47.50000 |    -122.00000 |       0.00000 |       1.00000 | 
    267.82172 |      22.66332 |      22.66332 |       0.00000 |      20.29268 |      12.29268 |       0.51831 |      90.83249 |      90.06299 |      92.23189 |      93.92729 |     104.52817 |     106.13857 |     108.28612 |      -0.09904 |       0.00218 |       0.00000 |       0.00000 |       0.00000 |       0.00000 |       0.00000 |       0.00000 |       0.00000 |      -0.12071 |       0.00915 |       0.00576 |       0.00000 |       0.00000 |       0.00000 |       0.00000 |       0.33333 |       0.03769 |       0.00000 |       0.00000 |       0.00000 |      -2.67081 |      -1.42831 |     180.15598 |     164.80286 |       0.85064 |       0.08731 |     180.41740 |      -3.45240 |       0.16833 |      47.51026 |    -122.30820 |    1617.11572 |    1473.85522 |       1.00000 |    1626.25684 |      47.50000 |    -122.00000 |       0.00000 |       1.00000 | 
    267.89066 |      22.71357 |      22.71357 |       0.00000 |      20.29270 |      12.29270 |       0.51833 |      90.79175 |      90.01993 |      92.18714 |      93.88485 |     104.48128 |     106.08707 |     108.23454 |      -0.09904 |       0.00218 |       0.00000 |       0.00000 |       0.00000 |       0.00000 |       0.00000 |       0.00000 |       0.00000 |      -0.12046 |       0.00918 |       0.00572 |       0.00000 |       0.00000 |       0.00000 |       0.00000 |       0.33333 |       0.05025 |       0.00000 |       0.00000 |       0.00000 |      -2.66785 |      -1.40756 |     180.14154 |     164.78842 |       0.82989 |       0.08692 |     180.40298 |      -3.42911 |       0.16543 |      47.51023 |    -122.30820 |    1616.63770 |    1472.64563 |       1.00000 |    1625.79968 |      47.50000 |    -122.00000 |       0.00000 |       1.00000 | 
    267.96942 |      22.76382 |      22.76382 |       0.00000 |      20.29271 |      12.29271 |       0.51834 |      90.75114 |      89.97508 |      92.14056 |      93.84105 |     104.43455 |     106.03346 |     108.18082 |      -0.09904 |       0.00218 |       0.00000 |       0.00000 |       0.00000 |       0.00000 |       0.00000 |       0.00000 |       0.00000 |      -0.12026 |       0.00918 |       0.00568 |       0.00000 |       0.00000 |       0.00000 |       0.00000 |       0.33333 |       0.06281 |       0.00000 |       0.00000 |       0.00000 |      -2.66259 |      -1.38697 |     180.12784 |     164.77473 |       0.80593 |       0.08708 |     180.38869 |      -3.40043 |       0.16261 |      47.51022 |    -122.30820 |    1616.16370 |    1471.43982 |       1.00000 |    1625.34082 |      47.50000 |    -122.00000 |       0.00000 |       1.00000 | 
    268.04636 |      22.81407 |      22.81407 |       0.00000 |      20.29273 |      12.29273 |       0.51836 |      90.71059 |      89.92831 |      92.09202 |      93.79579 |     104.38789 |     105.97761 |     108.12489 |      -0.09904 |       0.00177 |       0.00000 |       0.00000 |       0.00000 |       0.00000 |       0.00000 |       0.00000 |       0.00000 |      -0.12015 |       0.00879 |       0.00565 |       0.00000 |       0.00000 |       0.00000 |       0.00000 |       0.33333 |       0.07538 |       0.00000 |       0.00000 |       0.00000 |      -2.65423 |      -1.36667 |     180.11481 |     164.76170 |       0.77997 |       0.08778 |     180.37451 |      -3.36675 |       0.15991 |      47.51019 |    -122.30820 |    1615.69446 |    1470.23511 |       1.00000 |    1624.88037 |      47.50000 |    -122.00000 |       0.00000 |       1.00000 | 
    268.19241 |      22.91457 |      22.91457 |       0.00000 |      20.29276 |      12.29275 |       0.51838 |      90.62944 |      89.82867 |      91.98870 |      93.70031 |     104.29450 |     105.85871 |     108.00588 |      -0.10109 |       0.00134 |       0.00000 |       0.00000 |       0.00000 |       0.00000 |       0.00000 |       0.00000 |       0.00000 |      -0.12218 |       0.00838 |       0.00557 |       0.00000 |       0.00000 |       0.00000 |       0.00000 |       0.33333 |       0.10050 |       0.00000 |       0.00000 |       0.00000 |      -2.62570 |      -1.32707 |     180.09064 |     164.73755 |       0.72525 |       0.09065 |     180.34657 |      -3.28512 |       0.15491 |      47.51015 |    -122.30820 |    1614.77283 |    1467.80505 |       1.00000 |    1623.95593 |      47.50000 |    -122.00000 |       0.00000 |       1.00000 | 
    268.32468 |      23.01508 |      23.01508 |       0.00000 |      20.29278 |      12.29278 |       0.51841 |      90.54765 |      89.72031 |      91.87649 |      93.59745 |     104.20038 |     105.72958 |     107.87668 |      -0.10109 |       0.00000 |       0.00000 |       0.00000 |       0.00000 |       0.00000 |       0.00000 |       0.00000 |       0.00000 |      -0.12248 |       0.00709 |       0.00551 |       0.00000 |       0.00000 |       0.00000 |       0.00000 |       0.33333 |       0.12563 |       0.00000 |       0.00000 |       0.00000 |      -2.57872 |      -1.28922 |     180.06860 |     164.71552 |       0.67026 |       0.09510 |     180.31927 |      -3.18517 |       0.15060 |      47.51011 |    -122.30820 |    1613.87817 |    1465.40332 |       1.00000 |    1623.02820 |      47.50000 |    -122.00000 |       0.00000 |       1.00000 | 
    268.45871 |      23.11558 |      23.11558 |       0.00000 |      20.29281 |      12.29281 |       0.51844 |      90.46455 |      89.60242 |      91.75458 |      93.48622 |     104.10474 |     105.58929 |     107.73633 |      -0.09989 |      -0.00008 |       0.00000 |       0.00000 |       0.00000 |       0.00000 |       0.00000 |       0.00000 |       0.00000 |      -0.12208 |       0.00703 |       0.00546 |       0.00000 |       0.00000 |       0.00000 |       0.00000 |       0.33333 |       0.15075 |       0.00000 |       0.00000 |       0.00000 |      -2.50887 |      -1.25273 |     180.04823 |     164.69516 |       0.61938 |       0.10073 |     180.29269 |      -3.06686 |       0.14707 |      47.51006 |    -122.30820 |    1613.01538 |    1463.17896 |       1.00000 |    1622.09888 |      47.50000 |    -122.00000 |       0.00000 |       1.00000 | 
    268.59796 |      23.21608 |      23.21608 |       0.00000 |      20.29284 |      12.29284 |       0.51847 |      90.37938 |      89.47412 |      91.62205 |      93.36565 |     104.00674 |     105.43677 |     107.58381 |      -0.09989 |      -0.00023 |       0.00000 |       0.00000 |       0.00000 |       0.00000 |       0.00000 |       0.00000 |       0.00000 |      -0.12331 |       0.00689 |       0.00542 |       0.00000 |       0.00000 |       0.00000 |       0.00000 |       0.33333 |       0.17588 |       0.00000 |       0.00000 |       0.00000 |      -2.41261 |      -1.21625 |     180.02902 |     164.67596 |       0.57479 |       0.10701 |     180.26680 |      -2.92882 |       0.14434 |      47.51002 |    -122.30821 |    1612.18994 |    1460.93640 |       1.00000 |    1621.17114 |      47.50000 |    -122.00000 |       0.00000 |       1.00000 | 
    268.66943 |      23.26633 |      23.26633 |       0.00000 |      20.29285 |      12.29285 |       0.51848 |      90.33578 |      89.40575 |      91.55148 |      93.30153 |     103.95656 |     105.35556 |     107.50263 |      -0.09989 |      -0.00023 |       0.00000 |       0.00000 |       0.00000 |       0.00000 |       0.00000 |       0.00000 |       0.00000 |      -0.12401 |       0.00688 |       0.00541 |       0.00000 |       0.00000 |       0.00000 |       0.00000 |       0.33333 |       0.18844 |       0.00000 |       0.00000 |       0.00000 |      -2.35424 |      -1.19799 |     180.01970 |     164.66664 |       0.55467 |       0.11027 |     180.25412 |      -2.85189 |       0.14326 |      47.51000 |    -122.30821 |    1611.79285 |    1459.73901 |       1.00000 |    1620.70886 |      47.50000 |    -122.00000 |       0.00000 |       1.00000 | 
    268.75513 |      23.31658 |      23.31658 |       0.00000 |      20.29287 |      12.29287 |       0.51850 |      90.29137 |      89.33442 |      91.47789 |      93.23465 |     103.90545 |     105.27088 |     107.41798 |      -0.10212 |      -0.00023 |       0.00000 |       0.00000 |       0.00000 |       0.00000 |       0.00000 |       0.00000 |       0.00000 |      -0.12685 |       0.00688 |       0.00539 |       0.00000 |       0.00000 |       0.00000 |       0.00000 |       0.33333 |       0.20100 |       0.00000 |       0.00000 |       0.00000 |      -2.28949 |      -1.17966 |     180.01053 |     164.65747 |       0.53518 |       0.11354 |     180.24161 |      -2.76933 |       0.14237 |      47.50998 |    -122.30821 |    1611.40747 |    1458.54749 |       1.00000 |    1620.24792 |      47.50000 |    -122.00000 |       0.00000 |       1.00000 | 
    268.90253 |      23.41709 |      23.41709 |       0.00000 |      20.29289 |      12.29289 |       0.51852 |      90.19968 |      89.18240 |      91.32121 |      93.09201 |     103.79995 |     105.09057 |     107.23770 |      -0.10592 |      -0.00043 |       0.00000 |       0.00000 |       0.00000 |       0.00000 |       0.00000 |       0.00000 |       0.00000 |      -0.13135 |       0.00668 |       0.00537 |       0.00000 |       0.00000 |       0.00000 |       0.00000 |       0.33333 |       0.22613 |       0.00000 |       0.00000 |       0.00000 |      -2.14498 |      -1.14315 |     179.99246 |     164.63942 |       0.49402 |       0.11983 |     180.21710 |      -2.58736 |       0.14107 |      47.50993 |    -122.30821 |    1610.67419 |    1456.28076 |       1.00000 |    1619.33240 |      47.50000 |    -122.00000 |       0.00000 |       1.00000 | 
    269.03473 |      23.51759 |      23.51759 |       0.00000 |      20.29292 |      12.29292 |       0.51855 |      90.10346 |      89.01726 |      91.15114 |      92.93648 |     103.68922 |     104.89486 |     107.04209 |      -0.10914 |      -0.00016 |       0.00000 |       0.00000 |       0.00000 |       0.00000 |       0.00000 |       0.00000 |       0.00000 |      -0.13540 |       0.00693 |       0.00536 |       0.00000 |       0.00000 |       0.00000 |       0.00000 |       0.33333 |       0.25126 |       0.00000 |       0.00000 |       0.00000 |      -1.97889 |      -1.10635 |     179.97446 |     164.62141 |       0.45334 |       0.12556 |     180.19336 |      -2.38468 |       0.14036 |      47.50989 |    -122.30821 |    1609.99573 |    1454.19983 |       1.00000 |    1618.42810 |      47.50000 |    -122.00000 |       0.00000 |       1.00000 | 
    269.16928 |      23.61809 |      23.61809 |       0.00000 |      20.29295 |      12.29295 |       0.51858 |      90.00185 |      88.83821 |      90.96693 |      92.76682 |     103.57228 |     104.68288 |     106.83018 |      -0.10763 |      -0.00016 |       0.00000 |       0.00000 |       0.00000 |       0.00000 |       0.00000 |       0.00000 |       0.00000 |      -0.13491 |       0.00692 |       0.00536 |       0.00000 |       0.00000 |       0.00000 |       0.00000 |       0.33333 |       0.27638 |       0.00000 |       0.00000 |       0.00000 |      -1.79077 |      -1.06897 |     179.95625 |     164.60323 |       0.41399 |       0.13045 |     180.17033 |      -2.16172 |       0.14012 |      47.50985 |    -122.30821 |    1609.37793 |    1452.24060 |       1.00000 |    1617.53882 |      47.50000 |    -122.00000 |       0.00000 |       1.00000 | 
    269.30148 |      23.71859 |      23.71859 |       0.00000 |      20.29298 |      12.29298 |       0.51861 |      89.89397 |      88.64442 |      90.76771 |      92.58183 |     103.44814 |     104.45362 |     106.60103 |      -0.10640 |       0.00023 |       0.00000 |       0.00000 |       0.00000 |       0.00000 |       0.00000 |       0.00000 |       0.00000 |      -0.13515 |       0.00730 |       0.00537 |       0.00000 |       0.00000 |       0.00000 |       0.00000 |       0.33333 |       0.30151 |       0.00000 |       0.00000 |       0.00000 |      -1.57697 |      -1.03117 |     179.93762 |     164.58461 |       0.37960 |       0.13439 |     180.14804 |      -1.91842 |       0.14020 |      47.50980 |    -122.30821 |    1608.82605 |    1450.13171 |       1.00000 |    1616.66882 |      47.50000 |    -122.00000 |       0.00000 |       1.00000 | 
    269.43423 |      23.81910 |      23.81910 |       0.00000 |      20.29301 |      12.29301 |       0.51864 |      89.77895 |      88.43499 |      90.55257 |      92.38020 |     103.31577 |     104.20604 |     106.35353 |      -0.10640 |       0.00301 |       0.00000 |       0.00000 |       0.00000 |       0.00000 |       0.00000 |       0.00000 |       0.00000 |      -0.13674 |       0.00996 |       0.00537 |       0.00000 |       0.00000 |       0.00000 |       0.00000 |       0.33333 |       0.32663 |       0.00000 |       0.00000 |       0.00000 |      -1.33664 |      -0.98943 |     179.91853 |     164.56552 |       0.34971 |       0.13727 |     180.12650 |      -1.65354 |       0.14051 |      47.50976 |    -122.30821 |    1608.34558 |    1448.09607 |       1.00000 |    1615.82239 |      47.50000 |    -122.00000 |       0.00000 |       1.00000 | 
    269.57004 |      23.91960 |      23.91960 |       0.00000 |      20.29303 |      12.29303 |       0.51866 |      89.65594 |      88.21252 |      90.32417 |      92.16366 |     103.17421 |     103.94321 |     106.09077 |      -0.10573 |       0.00451 |       0.00000 |       0.00000 |       0.00000 |       0.00000 |       0.00000 |       0.00000 |       0.00000 |      -0.13790 |       0.01133 |       0.00537 |       0.00000 |       0.00000 |       0.00000 |       0.00000 |       0.33333 |       0.33333 |       0.00000 |       0.00000 |       0.00000 |      -1.07016 |      -0.94193 |     179.89903 |     164.54604 |       0.33610 |       0.13905 |     180.10597 |      -1.37896 |       0.14092 |      47.50972 |    -122.30821 |    1607.94092 |    1446.23975 |       1.00000 |    1615.00403 |      47.50000 |    -122.00000 |       0.00000 |       1.00000 | 
    269.70132 |      24.02010 |      24.02010 |       0.00000 |      20.29306 |      12.29306 |       0.51869 |      89.52416 |      87.98254 |      90.08820 |      91.93714 |     103.02257 |     103.67165 |     105.81921 |      -0.12814 |       0.00451 |       0.00000 |       0.00000 |       0.00000 |       0.00000 |       0.00000 |       0.00000 |       0.00000 |      -0.16068 |       0.01131 |       0.00537 |       0.00000 |       0.00000 |       0.00000 |       0.00000 |       0.33333 |       0.33333 |       0.00000 |       0.00000 |       0.00000 |      -0.78862 |      -0.89311 |     179.87949 |     164.52649 |       0.34238 |       0.13980 |     180.08673 |      -1.10910 |       0.14138 |      47.50967 |    -122.30821 |    1607.61108 |    1444.60864 |       1.00000 |    1614.21863 |      47.50000 |    -122.00000 |       0.00000 |       1.00000 | 
    269.83212 |      24.12060 |      24.12060 |       0.00000 |      20.29309 |      12.29309 |       0.51872 |      89.38316 |      87.74495 |      89.84454 |      91.70082 |     102.86031 |     103.39125 |     105.53881 |      -0.14870 |       0.00451 |       0.00000 |       0.00000 |       0.00000 |       0.00000 |       0.00000 |       0.00000 |       0.00000 |      -0.17828 |       0.01131 |       0.00538 |       0.00000 |       0.00000 |       0.00000 |       0.00000 |       0.33333 |       0.33333 |       0.00000 |       0.00000 |       0.00000 |      -0.52667 |      -0.84435 |     179.86037 |     164.50739 |       0.33127 |       0.13948 |     180.06877 |      -0.84143 |       0.14183 |      47.50963 |    -122.30821 |    1607.35535 |    1442.88147 |       1.00000 |    1613.47021 |      47.50000 |    -122.00000 |       0.00000 |       1.00000 | 
    269.89865 |      24.17085 |      24.17085 |       0.00000 |      20.29310 |      12.29310 |       0.51873 |      89.30913 |      87.62361 |      89.72013 |      91.57923 |     102.77512 |     103.24809 |     105.39562 |      -0.16048 |       0.00394 |       0.00000 |       0.00000 |       0.00000 |       0.00000 |       0.00000 |       0.00000 |       0.00000 |      -0.18817 |       0.01075 |       0.00538 |       0.00000 |       0.00000 |       0.00000 |       0.00000 |       0.33333 |       0.33333 |       0.00000 |       0.00000 |       0.00000 |      -0.40705 |      -0.82045 |     179.85097 |     164.49799 |       0.31822 |       0.13889 |     180.06029 |      -0.71136 |       0.14203 |      47.50961 |    -122.30821 |    1607.25452 |    1442.00562 |       1.00000 |    1613.11133 |      47.50000 |    -122.00000 |       0.00000 |       1.00000 | 
    270.04712 |      24.27136 |      24.27136 |       0.00000 |      20.29313 |      12.29313 |       0.51876 |      89.15392 |      87.37645 |      89.46680 |      91.32990 |     102.59650 |     102.95657 |     105.10402 |      -0.15886 |       0.00394 |       0.00000 |       0.00000 |       0.00000 |       0.00000 |       0.00000 |       0.00000 |       0.00000 |      -0.18359 |       0.01078 |       0.00539 |       0.00000 |       0.00000 |       0.00000 |       0.00000 |       0.33333 |       0.33333 |       0.00000 |       0.00000 |       0.00000 |      -0.18783 |      -0.77343 |     179.83229 |     164.47932 |       0.28518 |       0.13675 |     180.04433 |      -0.46409 |       0.14238 |      47.50957 |    -122.30821 |    1607.10425 |    1440.31030 |       1.00000 |    1612.42700 |      47.50000 |    -122.00000 |       0.00000 |       1.00000 | 
    270.17566 |      24.37186 |      24.37186 |       0.00000 |      20.29316 |      12.29316 |       0.51879 |      88.98924 |      87.12388 |      89.20805 |      91.07327 |     102.40700 |     102.65879 |     104.80614 |      -0.15741 |       0.00394 |       0.00000 |       0.00000 |       0.00000 |       0.00000 |       0.00000 |       0.00000 |       0.00000 |      -0.18029 |       0.01079 |       0.00540 |       0.00000 |       0.00000 |       0.00000 |       0.00000 |       0.33333 |       0.33333 |       0.00000 |       0.00000 |       0.00000 |       0.01599 |      -0.72697 |     179.81360 |     164.46065 |       0.25501 |       0.13343 |     180.02963 |      -0.23472 |       0.14254 |      47.50953 |    -122.30821 |    1607.01794 |    1438.82068 |       1.00000 |    1611.78955 |      47.50000 |    -122.00000 |       0.00000 |       1.00000 | 
    270.30475 |      24.47236 |      24.47236 |       0.00000 |      20.29319 |      12.29319 |       0.51882 |      88.81522 |      86.86628 |      88.94421 |      90.81008 |     102.20673 |     102.35517 |     104.50239 |      -0.17768 |       0.00394 |       0.00000 |       0.00000 |       0.00000 |       0.00000 |       0.00000 |       0.00000 |       0.00000 |      -0.19833 |       0.01080 |       0.00540 |       0.00000 |       0.00000 |       0.00000 |       0.00000 |       0.33333 |       0.33333 |       0.00000 |       0.00000 |       0.00000 |       0.20747 |      -0.68104 |     179.79514 |     164.44218 |       0.22690 |       0.12930 |     180.01608 |      -0.01948 |       0.14241 |      47.50948 |    -122.30821 |    1606.99121 |    1437.49268 |       1.00000 |    1611.20227 |      47.50000 |    -122.00000 |       0.00000 |       1.00000 | 
    270.43655 |      24.57286 |      24.57286 |       0.00000 |      20.29321 |      12.29322 |       0.51884 |      88.63210 |      86.60398 |      88.67563 |      90.54089 |     101.99600 |     102.04610 |     104.19316 |      -0.26418 |       0.00069 |       0.00000 |       0.00000 |       0.00000 |       0.00000 |       0.00000 |       0.00000 |       0.00000 |      -0.27730 |       0.00770 |       0.00539 |       0.00000 |       0.00000 |       0.00000 |       0.00000 |       0.33333 |       0.33333 |       0.00000 |       0.00000 |       0.00000 |       0.34810 |      -0.64041 |     179.77763 |     164.42470 |       0.15691 |       0.12477 |     180.00348 |       0.18694 |       0.14184 |      47.50944 |    -122.30821 |    1607.02087 |    1436.07544 |       1.00000 |    1610.66736 |      47.50000 |    -122.00000 |       0.00000 |       1.00000 | 
    270.56342 |      24.67337 |      24.67337 |       0.00000 |      20.29324 |      12.29324 |       0.51887 |      88.44024 |      86.33893 |      88.40432 |      90.26807 |     101.77522 |     101.73387 |     103.88078 |      -0.33514 |       0.00000 |       0.00000 |       0.00000 |       0.00000 |       0.00000 |       0.00000 |       0.00000 |       0.00000 |      -0.33652 |       0.00710 |       0.00539 |       0.00000 |       0.00000 |       0.00000 |       0.00000 |       0.33333 |       0.33333 |       0.00000 |       0.00000 |       0.00000 |       0.37349 |      -0.60398 |     179.76151 |     164.40857 |      -0.00130 |       0.11977 |     179.99187 |       0.36686 |       0.14095 |      47.50940 |    -122.30821 |    1607.10181 |    1434.61108 |       1.00000 |    1610.18652 |      47.50000 |    -122.00000 |       0.00000 |       1.00000 | 
    270.69153 |      24.77387 |      24.77387 |       0.00000 |      20.29327 |      12.29327 |       0.51890 |      88.24006 |      86.07478 |      88.13398 |      89.99618 |     101.54485 |     101.42278 |     103.56952 |      -0.34847 |       0.00000 |       0.00000 |       0.00000 |       0.00000 |       0.00000 |       0.00000 |       0.00000 |       0.00000 |      -0.33858 |       0.00714 |       0.00541 |       0.00000 |       0.00000 |       0.00000 |       0.00000 |       0.33333 |       0.33333 |       0.00000 |       0.00000 |       0.00000 |       0.27834 |      -0.56937 |     179.74609 |     164.39317 |      -0.22026 |       0.11392 |     179.98141 |       0.48820 |       0.13971 |      47.50936 |    -122.30821 |    1607.22144 |    1433.26782 |       1.00000 |    1609.76111 |      47.50000 |    -122.00000 |       0.00000 |       1.00000 | 
    270.82031 |      24.87437 |      24.87437 |       0.00000 |      20.29330 |      12.29330 |       0.51893 |      88.03214 |      85.81461 |      87.86776 |      89.72918 |     101.30557 |     101.11642 |     103.26304 |      -0.34286 |       0.00000 |       0.00000 |       0.00000 |       0.00000 |       0.00000 |       0.00000 |       0.00000 |       0.00000 |      -0.32458 |       0.00716 |       0.00543 |       0.00000 |       0.00000 |       0.00000 |       0.00000 |       0.33333 |       0.33333 |       0.00000 |       0.00000 |       0.00000 |       0.10862 |      -0.53563 |     179.73059 |     164.37769 |      -0.43969 |       0.10707 |     179.97211 |       0.53698 |       0.13809 |      47.50932 |    -122.30821 |    1607.36084 |    1432.10474 |       1.00000 |    1609.39099 |      47.50000 |    -122.00000 |       0.00000 |       1.00000 | 
    270.95142 |      24.97487 |      24.97487 |       0.00000 |      20.29333 |      12.29333 |       0.51896 |      87.81720 |      85.56023 |      87.60748 |      89.46912 |     101.05824 |     100.81689 |     102.96341 |      -0.29847 |       0.00059 |       0.00000 |       0.00000 |       0.00000 |       0.00000 |       0.00000 |       0.00000 |       0.00000 |      -0.27544 |       0.00776 |       0.00543 |       0.00000 |       0.00000 |       0.00000 |       0.00000 |       0.33333 |       0.33333 |       0.00000 |       0.00000 |       0.00000 |      -0.07318 |      -0.50224 |     179.71480 |     164.36189 |      -0.60017 |       0.09970 |     179.96376 |       0.51619 |       0.13597 |      47.50927 |    -122.30821 |    1607.50110 |    1430.90857 |       1.00000 |    1609.07507 |      47.50000 |    -122.00000 |       0.00000 |       1.00000 | 
    271.12418 |      25.07538 |      25.07538 |       0.00000 |      20.29336 |      12.29335 |       0.51898 |      87.59621 |      85.31162 |      87.35310 |      89.21560 |     100.80392 |     100.52415 |     102.67063 |      -0.26145 |       0.00158 |       0.00000 |       0.00000 |       0.00000 |       0.00000 |       0.00000 |       0.00000 |       0.00000 |      -0.23954 |       0.00872 |       0.00541 |       0.00000 |       0.00000 |       0.00000 |       0.00000 |       0.33333 |       0.33333 |       0.00000 |       0.00000 |       0.00000 |      -0.20648 |      -0.46792 |     179.69936 |     164.34647 |      -0.66453 |       0.09289 |     179.95613 |       0.44878 |       0.13326 |      47.50923 |    -122.30821 |    1607.62708 |    1429.53369 |       1.00000 |    1608.81079 |      47.50000 |    -122.00000 |       0.00000 |       1.00000 | 
    271.19226 |      25.12563 |      25.12563 |       0.00000 |      20.29337 |      12.29337 |       0.51900 |      87.48376 |      85.18916 |      87.22779 |      89.09074 |     100.67452 |     100.37996 |     102.52639 |      -0.24955 |       0.00274 |       0.00000 |       0.00000 |       0.00000 |       0.00000 |       0.00000 |       0.00000 |       0.00000 |      -0.23013 |       0.00984 |       0.00538 |       0.00000 |       0.00000 |       0.00000 |       0.00000 |       0.33333 |       0.33333 |       0.00000 |       0.00000 |       0.00000 |      -0.24427 |      -0.44943 |     179.69214 |     164.33925 |      -0.65972 |       0.09011 |     179.95255 |       0.40711 |       0.13170 |      47.50921 |    -122.30821 |    1607.68225 |    1428.81323 |       1.00000 |    1608.69678 |      47.50000 |    -122.00000 |       0.00000 |       1.00000 | 
    271.34131 |      25.22613 |      25.22613 |       0.00000 |      20.29340 |      12.29340 |       0.51903 |      87.25565 |      84.94693 |      86.97989 |      88.84361 |     100.41201 |     100.09467 |     102.24105 |      -0.22738 |       0.00418 |       0.00000 |       0.00000 |       0.00000 |       0.00000 |       0.00000 |       0.00000 |       0.00000 |      -0.21465 |       0.01118 |       0.00531 |       0.00000 |       0.00000 |       0.00000 |       0.00000 |       0.33333 |       0.33333 |       0.00000 |       0.00000 |       0.00000 |      -0.25933 |      -0.40972 |     179.67955 |     164.32668 |      -0.59095 |       0.08642 |     179.94576 |       0.32512 |       0.12826 |      47.50917 |    -122.30821 |    1607.77576 |    1427.48608 |       1.00000 |    1608.50232 |      47.50000 |    -122.00000 |       0.00000 |       1.00000 | 
    271.47055 |      25.32663 |      25.32663 |       0.00000 |      20.29342 |      12.29342 |       0.51905 |      87.02412 |      84.70676 |      86.73409 |      88.59824 |     100.14557 |      99.81181 |     101.95811 |      -0.21735 |       0.00491 |       0.00000 |       0.00000 |       0.00000 |       0.00000 |       0.00000 |       0.00000 |       0.00000 |      -0.21237 |       0.01186 |       0.00521 |       0.00000 |       0.00000 |       0.00000 |       0.00000 |       0.33333 |       0.33333 |       0.00000 |       0.00000 |       0.00000 |      -0.20098 |      -0.36759 |     179.67032 |     164.31744 |      -0.46774 |       0.08573 |     179.93959 |       0.26167 |       0.12472 |      47.50913 |    -122.30821 |    1607.85010 |    1426.25220 |       1.00000 |    1608.34802 |      47.50000 |    -122.00000 |       0.00000 |       1.00000 | 
    271.59854 |      25.42714 |      25.42714 |       0.00000 |      20.29345 |      12.29345 |       0.51908 |      86.79011 |      84.46688 |      86.48855 |      88.35286 |      99.87627 |      99.52924 |     101.67549 |      -0.24629 |       0.00491 |       0.00000 |       0.00000 |       0.00000 |       0.00000 |       0.00000 |       0.00000 |       0.00000 |      -0.24617 |       0.01183 |       0.00510 |       0.00000 |       0.00000 |       0.00000 |       0.00000 |       0.33333 |       0.33333 |       0.00000 |       0.00000 |       0.00000 |      -0.10762 |      -0.32385 |     179.66504 |     164.31218 |      -0.34352 |       0.08802 |     179.93419 |       0.23152 |       0.12144 |      47.50909 |    -122.30821 |    1607.91296 |    1425.01367 |       1.00000 |    1608.22827 |      47.50000 |    -122.00000 |       0.00000 |       1.00000 | 
    271.72714 |      25.52764 |      25.52764 |       0.00000 |      20.29348 |      12.29348 |       0.51911 |      86.55428 |      84.22655 |      86.24254 |      88.10683 |      99.60490 |      99.24615 |     101.39235 |      -0.27876 |       0.00627 |       0.00000 |       0.00000 |       0.00000 |       0.00000 |       0.00000 |       0.00000 |       0.00000 |      -0.27937 |       0.01314 |       0.00502 |       0.00000 |       0.00000 |       0.00000 |       0.00000 |       0.33333 |       0.33333 |       0.00000 |       0.00000 |       0.00000 |      -0.02481 |      -0.27868 |     179.66341 |     164.31056 |      -0.25790 |       0.09261 |     179.92979 |       0.22881 |       0.11873 |      47.50905 |    -122.30821 |    1607.97253 |    1423.60095 |       1.00000 |    1608.13806 |      47.50000 |    -122.00000 |       0.00000 |       1.00000 | 
    271.85458 |      25.62814 |      25.62814 |       0.00000 |      20.29351 |      12.29351 |       0.51914 |      86.31709 |      83.98601 |      85.99632 |      87.86047 |      99.33194 |      98.96279 |     101.10893 |      -0.33447 |       0.01104 |       0.00000 |       0.00000 |       0.00000 |       0.00000 |       0.00000 |       0.00000 |       0.00000 |      -0.33042 |       0.01767 |       0.00497 |       0.00000 |       0.00000 |       0.00000 |       0.00000 |       0.33333 |       0.33333 |       0.00000 |       0.00000 |       0.00000 |      -0.01008 |      -0.22447 |     179.66431 |     164.31146 |      -0.25678 |       0.09801 |     179.92662 |       0.24217 |       0.11675 |      47.50901 |    -122.30821 |    1608.03430 |    1422.16064 |       1.00000 |    1608.07227 |      47.50000 |    -122.00000 |       0.00000 |       1.00000 | 
    272.00745 |      25.72864 |      25.72864 |       0.00000 |      20.29354 |      12.29354 |       0.51917 |      86.07890 |      83.74726 |      85.75194 |      87.61609 |      99.05784 |      98.68157 |     100.82769 |      -0.34677 |       0.01104 |       0.00000 |       0.00000 |       0.00000 |       0.00000 |       0.00000 |       0.00000 |       0.00000 |      -0.33636 |       0.01759 |       0.00496 |       0.00000 |       0.00000 |       0.00000 |       0.00000 |       0.33333 |       0.33333 |       0.00000 |       0.00000 |       0.00000 |      -0.08106 |      -0.16565 |     179.66597 |     164.31314 |      -0.32607 |       0.10251 |     179.92493 |       0.24060 |       0.11538 |      47.50896 |    -122.30821 |    1608.09753 |    1420.88208 |       1.00000 |    1608.02722 |      47.50000 |    -122.00000 |       0.00000 |       1.00000 | 
    272.13950 |      25.82915 |      25.82915 |       0.00000 |      20.29356 |      12.29356 |       0.51919 |      85.84000 |      83.51238 |      85.51151 |      87.37587 |      98.78291 |      98.40490 |     100.55102 |      -0.34968 |       0.01104 |       0.00000 |       0.00000 |       0.00000 |       0.00000 |       0.00000 |       0.00000 |       0.00000 |      -0.33345 |       0.01758 |       0.00499 |       0.00000 |       0.00000 |       0.00000 |       0.00000 |       0.33333 |       0.33333 |       0.00000 |       0.00000 |       0.00000 |      -0.22011 |      -0.10624 |     179.66689 |     164.31406 |      -0.43110 |       0.10480 |     179.92471 |       0.20739 |       0.11453 |      47.50893 |    -122.30821 |    1608.15515 |    1419.66492 |       1.00000 |    1607.99963 |      47.50000 |    -122.00000 |       0.00000 |       1.00000 | 
    272.28442 |      25.92965 |      25.92965 |       0.00000 |      20.29359 |      12.29359 |       0.51922 |      85.60076 |      83.28294 |      85.27664 |      87.14133 |      98.50760 |      98.13461 |     100.28074 |      -0.34532 |       0.01104 |       0.00000 |       0.00000 |       0.00000 |       0.00000 |       0.00000 |       0.00000 |       0.00000 |      -0.32463 |       0.01759 |       0.00503 |       0.00000 |       0.00000 |       0.00000 |       0.00000 |       0.33333 |       0.33333 |       0.00000 |       0.00000 |       0.00000 |      -0.40150 |      -0.04703 |     179.66621 |     164.31340 |      -0.53969 |       0.10438 |     179.92581 |       0.13624 |       0.11396 |      47.50888 |    -122.30821 |    1608.19800 |    1418.37866 |       1.00000 |    1607.98669 |      47.50000 |    -122.00000 |       0.00000 |       1.00000 | 
    272.43036 |      26.03015 |      26.03015 |       0.00000 |      20.29362 |      12.29362 |       0.51925 |      85.36161 |      83.05993 |      85.04834 |      86.91328 |      98.23239 |      97.87189 |     100.01804 |      -0.33295 |       0.01104 |       0.00000 |       0.00000 |       0.00000 |       0.00000 |       0.00000 |       0.00000 |       0.00000 |      -0.30949 |       0.01760 |       0.00507 |       0.00000 |       0.00000 |       0.00000 |       0.00000 |       0.33333 |       0.33333 |       0.00000 |       0.00000 |       0.00000 |      -0.59823 |       0.01172 |     179.66383 |     164.31102 |      -0.62661 |       0.10130 |     179.92799 |       0.02890 |       0.11334 |      47.50884 |    -122.30821 |    1608.21655 |    1416.88586 |       1.00000 |    1607.98535 |      47.50000 |    -122.00000 |       0.00000 |       1.00000 | 
    272.55850 |      26.13065 |      26.13065 |       0.00000 |      20.29365 |      12.29365 |       0.51928 |      85.12302 |      82.84381 |      84.82705 |      86.69187 |      97.95782 |      97.61723 |      99.76340 |      -0.30830 |       0.01104 |       0.00000 |       0.00000 |       0.00000 |       0.00000 |       0.00000 |       0.00000 |       0.00000 |      -0.28409 |       0.01761 |       0.00509 |       0.00000 |       0.00000 |       0.00000 |       0.00000 |       0.33333 |       0.33333 |       0.00000 |       0.00000 |       0.00000 |      -0.78267 |       0.06995 |     179.66020 |     164.30740 |      -0.67181 |       0.09612 |     179.93114 |      -0.10725 |       0.11240 |      47.50880 |    -122.30821 |    1608.20264 |    1415.45398 |       1.00000 |    1607.99255 |      47.50000 |    -122.00000 |       0.00000 |       1.00000 | 
    272.68826 |      26.23116 |      26.23116 |       0.00000 |      20.29368 |      12.29368 |       0.51931 |      84.88558 |      82.63429 |      84.61247 |      86.47656 |      97.68459 |      97.37030 |      99.51648 |      -0.28216 |       0.01104 |       0.00000 |       0.00000 |       0.00000 |       0.00000 |       0.00000 |       0.00000 |       0.00000 |      -0.26033 |       0.01763 |       0.00509 |       0.00000 |       0.00000 |       0.00000 |       0.00000 |       0.33333 |       0.33333 |       0.00000 |       0.00000 |       0.00000 |      -0.92473 |       0.12767 |     179.65636 |     164.30357 |      -0.65815 |       0.08977 |     179.93512 |      -0.25952 |       0.11090 |      47.50876 |    -122.30821 |    1608.15088 |    1414.10315 |       1.00000 |    1608.00439 |      47.50000 |    -122.00000 |       0.00000 |       1.00000 | 
    272.82104 |      26.33166 |      26.33166 |       0.00000 |      20.29370 |      12.29370 |       0.51933 |      84.64989 |      82.43038 |      84.40359 |      86.26640 |      97.41336 |      97.12992 |      99.27612 |      -0.27613 |       0.01104 |       0.00000 |       0.00000 |       0.00000 |       0.00000 |       0.00000 |       0.00000 |       0.00000 |      -0.25855 |       0.01764 |       0.00506 |       0.00000 |       0.00000 |       0.00000 |       0.00000 |       0.33333 |       0.33333 |       0.00000 |       0.00000 |       0.00000 |      -1.01800 |       0.18495 |     179.65347 |     164.30069 |      -0.59858 |       0.08330 |     179.93997 |      -0.40898 |       0.10877 |      47.50872 |    -122.30821 |    1608.06042 |    1412.76135 |       1.00000 |    1608.01758 |      47.50000 |    -122.00000 |       0.00000 |       1.00000 | 
    272.95010 |      26.43216 |      26.43216 |       0.00000 |      20.29373 |      12.29373 |       0.51936 |      84.41647 |      82.23122 |      84.19953 |      86.06065 |      97.14474 |      96.89510 |      99.04131 |      -0.27613 |       0.01104 |       0.00000 |       0.00000 |       0.00000 |       0.00000 |       0.00000 |       0.00000 |       0.00000 |      -0.26236 |       0.01768 |       0.00503 |       0.00000 |       0.00000 |       0.00000 |       0.00000 |       0.33333 |       0.33333 |       0.00000 |       0.00000 |       0.00000 |      -1.07625 |       0.24053 |     179.65210 |     164.29933 |      -0.51801 |       0.07694 |     179.94597 |      -0.54471 |       0.10643 |      47.50868 |    -122.30821 |    1607.93420 |    1411.25488 |       1.00000 |    1608.02795 |      47.50000 |    -122.00000 |       0.04020 |       1.00000 | 
    273.08008 |      26.53266 |      26.53266 |       0.00000 |      20.29376 |      12.29376 |       0.51939 |      84.18579 |      82.03667 |      84.00014 |      85.85942 |      96.87928 |      96.66564 |      98.81189 |      -0.27396 |       0.01104 |       0.00000 |       0.00000 |       0.00000 |       0.00000 |       0.00000 |       0.00000 |       0.00000 |      -0.26298 |       0.01778 |       0.00499 |       0.00000 |       0.00000 |       0.00000 |       0.00000 |       0.33333 |       0.33333 |       0.00000 |       0.00000 |       0.00000 |      -1.11496 |       0.29251 |     179.65215 |     164.29938 |      -0.43485 |       0.07075 |     179.95297 |      -0.66386 |       0.10392 |      47.50864 |    -122.30821 |    1607.77637 |    1409.59985 |       1.00000 |    1608.03186 |      47.50000 |    -122.00000 |       0.08040 |       1.00000 | 
    273.15137 |      26.58291 |      26.58291 |       0.00000 |      20.29377 |      12.29377 |       0.51940 |      84.07159 |      81.94119 |      83.90228 |      85.76057 |      96.74786 |      96.55302 |      98.69925 |      -0.27228 |       0.01104 |       0.00000 |       0.00000 |       0.00000 |       0.00000 |       0.00000 |       0.00000 |       0.00000 |      -0.26241 |       0.01784 |       0.00497 |       0.00000 |       0.00000 |       0.00000 |       0.00000 |       0.33333 |       0.33333 |       0.00000 |       0.00000 |       0.00000 |      -1.13018 |       0.31475 |     179.65402 |     164.30127 |      -0.39517 |       0.07008 |     179.95583 |      -0.71753 |       0.10251 |      47.50863 |    -122.30821 |    1607.68689 |    1408.81042 |       1.00000 |    1608.03040 |      47.50000 |    -122.00000 |       0.10050 |       1.00000 | 
    273.22775 |      26.63317 |      26.63317 |       0.00000 |      20.29379 |      12.29379 |       0.51942 |      83.95822 |      81.84692 |      83.80563 |      85.66299 |      96.61740 |      96.44180 |      98.58804 |      -0.27228 |       0.01104 |       0.00000 |       0.00000 |       0.00000 |       0.00000 |       0.00000 |       0.00000 |       0.00000 |      -0.26334 |       0.01822 |       0.00473 |       0.00000 |       0.00000 |       0.00000 |       0.00000 |       0.33333 |       0.33333 |       0.00000 |       0.00000 |       0.00000 |      -1.14425 |       0.33041 |     179.66049 |     164.30774 |      -0.35813 |       0.07442 |     179.95822 |      -0.76746 |       0.09649 |      47.50860 |    -122.30821 |    1607.59106 |    1408.05994 |       1.00000 |    1608.02612 |      47.50000 |    -122.00000 |       0.12060 |       1.00000 | 
    273.30463 |      26.68342 |      26.68342 |       0.00000 |      20.29380 |      12.29380 |       0.51943 |      83.84570 |      81.75388 |      83.71025 |      85.56664 |      96.48792 |      96.33204 |      98.47829 |      -0.27228 |       0.01104 |       0.00000 |       0.00000 |       0.00000 |       0.00000 |       0.00000 |       0.00000 |       0.00000 |      -0.26404 |       0.01838 |       0.00452 |       0.00000 |       0.00000 |       0.00000 |       0.00000 |       0.33333 |       0.33333 |       0.00000 |       0.00000 |       0.00000 |      -1.15830 |       0.34323 |     179.67107 |     164.31831 |      -0.32446 |       0.08241 |     179.96107 |      -0.81405 |       0.09143 |      47.50858 |    -122.30821 |    1607.48938 |    1407.30933 |       1.00000 |    1608.01868 |      47.50000 |    -122.00000 |       0.14070 |       1.00000 | 
    273.45352 |      26.78392 |      26.78392 |       0.00000 |      20.29383 |      12.29383 |       0.51946 |      83.62334 |      81.57153 |      83.52328 |      85.37780 |      96.23202 |      96.11687 |      98.26313 |      -0.27037 |       0.01104 |       0.00000 |       0.00000 |       0.00000 |       0.00000 |       0.00000 |       0.00000 |       0.00000 |      -0.26295 |       0.01843 |       0.00417 |       0.00000 |       0.00000 |       0.00000 |       0.00000 |       0.33333 |       0.33333 |       0.00000 |       0.00000 |       0.00000 |      -1.18943 |       0.36760 |     179.70262 |     164.34988 |      -0.26814 |       0.10729 |     179.96820 |      -0.89936 |       0.08404 |      47.50854 |    -122.30821 |    1607.26978 |    1405.87708 |       1.00000 |    1607.99304 |      47.50000 |    -122.00000 |       0.14070 |       1.00000 | 
    273.58444 |      26.88442 |      26.88442 |       0.00000 |      20.29386 |      12.29386 |       0.51949 |      83.40472 |      81.39387 |      83.34109 |      85.19377 |      95.98045 |      95.90721 |      98.05352 |      -0.26861 |       0.01104 |       0.00000 |       0.00000 |       0.00000 |       0.00000 |       0.00000 |       0.00000 |       0.00000 |      -0.26162 |       0.01836 |       0.00393 |       0.00000 |       0.00000 |       0.00000 |       0.00000 |       0.33333 |       0.33333 |       0.00000 |       0.00000 |       0.00000 |      -1.22615 |       0.39420 |     179.74435 |     164.39162 |      -0.22473 |       0.14018 |     179.97746 |      -0.97742 |       0.08072 |      47.50850 |    -122.30821 |    1607.03027 |    1404.20227 |       1.00000 |    1607.95166 |      47.50000 |    -122.00000 |       0.14070 |       1.00000 | 
    273.71790 |      26.98492 |      26.98492 |       0.00000 |      20.29388 |      12.29389 |       0.51951 |      83.19000 |      81.22071 |      83.16348 |      85.01434 |      95.73335 |      95.70284 |      97.84922 |      -0.26861 |       0.01104 |       0.00000 |       0.00000 |       0.00000 |       0.00000 |       0.00000 |       0.00000 |       0.00000 |      -0.26166 |       0.01827 |       0.00380 |       0.00000 |       0.00000 |       0.00000 |       0.00000 |       0.33333 |       0.33333 |       0.00000 |       0.00000 |       0.00000 |      -1.27074 |       0.42401 |     179.79164 |     164.43892 |      -0.19365 |       0.17633 |     179.98906 |      -1.05104 |       0.08164 |      47.50846 |    -122.30821 |    1606.77246 |    1402.63953 |       1.00000 |    1607.89319 |      47.50000 |    -122.00000 |       0.14070 |       1.00000 | 
    273.87875 |      27.08543 |      27.08543 |       0.00000 |      20.29391 |      12.29391 |       0.51954 |      82.97932 |      81.05200 |      82.99040 |      84.83935 |      95.49091 |      95.50365 |      97.65013 |      -0.27416 |       0.01104 |       0.00000 |       0.00000 |       0.00000 |       0.00000 |       0.00000 |       0.00000 |       0.00000 |      -0.26679 |       0.01820 |       0.00378 |       0.00000 |       0.00000 |       0.00000 |       0.00000 |       0.33333 |       0.33333 |       0.00000 |       0.00000 |       0.00000 |      -1.32668 |       0.45693 |     179.84010 |     164.48740 |      -0.17580 |       0.21131 |     180.00299 |      -1.12279 |       0.08654 |      47.50843 |    -122.30821 |    1606.49695 |    1401.05444 |       1.00000 |    1607.81641 |      47.50000 |    -122.00000 |       0.14070 |       1.00000 | 
    274.00806 |      27.18593 |      27.18593 |       0.00000 |      20.29394 |      12.29394 |       0.51957 |      82.77275 |      80.88776 |      82.82188 |      84.66875 |      95.25318 |      95.30972 |      97.45631 |      -0.27416 |       0.01104 |       0.00000 |       0.00000 |       0.00000 |       0.00000 |       0.00000 |       0.00000 |       0.00000 |      -0.26600 |       0.01813 |       0.00386 |       0.00000 |       0.00000 |       0.00000 |       0.00000 |       0.33333 |       0.33333 |       0.00000 |       0.00000 |       0.00000 |      -1.39587 |       0.49250 |     179.88593 |     164.53322 |      -0.16919 |       0.24153 |     180.01903 |      -1.19648 |       0.09476 |      47.50838 |    -122.30821 |    1606.20374 |    1399.43335 |       1.00000 |    1607.72046 |      47.50000 |    -122.00000 |       0.14070 |       1.00000 | 
    274.07303 |      27.23618 |      27.23618 |       0.00000 |      20.29395 |      12.29395 |       0.51958 |      82.67104 |      80.80731 |      82.73933 |      84.58508 |      95.13614 |      95.21472 |      97.36137 |      -0.28000 |       0.01104 |       0.00000 |       0.00000 |       0.00000 |       0.00000 |       0.00000 |       0.00000 |       0.00000 |      -0.27142 |       0.01811 |       0.00392 |       0.00000 |       0.00000 |       0.00000 |       0.00000 |       0.33333 |       0.33333 |       0.00000 |       0.00000 |       0.00000 |      -1.43578 |       0.51110 |     179.90691 |     164.55420 |      -0.17005 |       0.25401 |     180.02776 |      -1.23445 |       0.09985 |      47.50837 |    -122.30821 |    1606.05042 |    1398.57458 |       1.00000 |    1607.66541 |      47.50000 |    -122.00000 |       0.14070 |       1.00000 | 
    274.22836 |      27.33668 |      27.33668 |       0.00000 |      20.29398 |      12.29398 |       0.51961 |      82.47079 |      80.64990 |      82.57777 |      84.42110 |      94.90570 |      95.02881 |      97.17559 |      -0.31068 |       0.00237 |       0.00000 |       0.00000 |       0.00000 |       0.00000 |       0.00000 |       0.00000 |       0.00000 |      -0.30073 |       0.00958 |       0.00409 |       0.00000 |       0.00000 |       0.00000 |       0.00000 |       0.33333 |       0.33333 |       0.00000 |       0.00000 |       0.00000 |      -1.53285 |       0.54459 |     179.94354 |     164.59085 |      -0.18639 |       0.27254 |     180.04642 |      -1.31301 |       0.11135 |      47.50833 |    -122.30821 |    1605.72925 |    1396.97668 |       1.00000 |    1607.54041 |      47.50000 |    -122.00000 |       0.14070 |       1.00000 | 
    274.38623 |      27.43719 |      27.43719 |       0.00000 |      20.29401 |      12.29401 |       0.51964 |      82.27483 |      80.49759 |      82.42142 |      84.26182 |      94.68019 |      94.84888 |      96.99580 |      -0.31617 |      -0.00123 |       0.00000 |       0.00000 |       0.00000 |       0.00000 |       0.00000 |       0.00000 |       0.00000 |      -0.30295 |       0.00634 |       0.00429 |       0.00000 |       0.00000 |       0.00000 |       0.00000 |       0.33333 |       0.33333 |       0.00000 |       0.00000 |       0.00000 |      -1.66824 |       0.56273 |     179.97179 |     164.61911 |      -0.23091 |       0.28181 |     180.06618 |      -1.40164 |       0.12393 |      47.50829 |    -122.30821 |    1605.38794 |    1395.21533 |       1.00000 |    1607.39600 |      47.50000 |    -122.00000 |       0.14070 |       1.00000 | 
    274.51996 |      27.53769 |      27.53769 |       0.00000 |      20.29404 |      12.29404 |       0.51967 |      82.08323 |      80.35130 |      82.27120 |      84.10772 |      94.45969 |      94.67601 |      96.82302 |      -0.30904 |      -0.00191 |       0.00000 |       0.00000 |       0.00000 |       0.00000 |       0.00000 |       0.00000 |       0.00000 |      -0.29305 |       0.00579 |       0.00451 |       0.00000 |       0.00000 |       0.00000 |       0.00000 |       0.33333 |       0.33333 |       0.00000 |       0.00000 |       0.00000 |      -1.83115 |       0.57483 |     179.99089 |     164.63821 |      -0.28374 |       0.28161 |     180.08627 |      -1.50916 |       0.13688 |      47.50825 |    -122.30821 |    1605.02234 |    1393.40332 |       1.00000 |    1607.23145 |      47.50000 |    -122.00000 |       0.14070 |       1.00000 | 
    274.58676 |      27.58794 |      27.58794 |       0.00000 |      20.29405 |      12.29405 |       0.51968 |      81.98909 |      80.28056 |      82.19855 |      84.03275 |      94.35136 |      94.59241 |      96.73949 |      -0.30448 |      -0.00191 |       0.00000 |       0.00000 |       0.00000 |       0.00000 |       0.00000 |       0.00000 |       0.00000 |      -0.28764 |       0.00581 |       0.00462 |       0.00000 |       0.00000 |       0.00000 |       0.00000 |       0.33333 |       0.33333 |       0.00000 |       0.00000 |       0.00000 |      -1.91656 |       0.58031 |     179.99704 |     164.64436 |      -0.30654 |       0.27813 |     180.09628 |      -1.57037 |       0.14318 |      47.50823 |    -122.30821 |    1604.82886 |    1392.56299 |       1.00000 |    1607.14172 |      47.50000 |    -122.00000 |       0.14070 |       1.00000 | 
    274.74115 |      27.68844 |      27.68844 |       0.00000 |      20.29408 |      12.29408 |       0.51971 |      81.80422 |      80.14412 |      82.05836 |      83.88700 |      94.13862 |      94.43108 |      96.57821 |      -0.29000 |      -0.00191 |       0.00000 |       0.00000 |       0.00000 |       0.00000 |       0.00000 |       0.00000 |       0.00000 |      -0.27265 |       0.00583 |       0.00483 |       0.00000 |       0.00000 |       0.00000 |       0.00000 |       0.33333 |       0.33333 |       0.00000 |       0.00000 |       0.00000 |      -2.08203 |       0.59090 |     180.00325 |     164.65059 |      -0.33408 |       0.26512 |     180.11604 |      -1.70524 |       0.15484 |      47.50819 |    -122.30821 |    1604.41772 |    1390.91443 |       1.00000 |    1606.94714 |      47.50000 |    -122.00000 |       0.14070 |       1.00000 | 
    274.87128 |      27.78894 |      27.78894 |       0.00000 |      20.29411 |      12.29411 |       0.51974 |      81.62402 |      80.01409 |      81.92471 |      83.74690 |      93.93125 |      94.27728 |      96.42445 |      -0.28256 |      -0.00191 |       0.00000 |       0.00000 |       0.00000 |       0.00000 |       0.00000 |       0.00000 |       0.00000 |      -0.26600 |       0.00584 |       0.00500 |       0.00000 |       0.00000 |       0.00000 |       0.00000 |       0.33333 |       0.33333 |       0.00000 |       0.00000 |       0.00000 |      -2.23258 |       0.60105 |     180.00252 |     164.64986 |      -0.33725 |       0.24540 |     180.13530 |      -1.84942 |       0.16460 |      47.50815 |    -122.30821 |    1603.97229 |    1389.25342 |       1.00000 |    1606.73193 |      47.50000 |    -122.00000 |       0.14070 |       1.00000 | 
    275.00281 |      27.88945 |      27.88945 |       0.00000 |      20.29414 |      12.29414 |       0.51977 |      81.44868 |      79.89013 |      81.79723 |      83.61232 |      93.72947 |      94.13057 |      96.27775 |      -0.28256 |      -0.00191 |       0.00000 |       0.00000 |       0.00000 |       0.00000 |       0.00000 |       0.00000 |       0.00000 |      -0.26733 |       0.00586 |       0.00513 |       0.00000 |       0.00000 |       0.00000 |       0.00000 |       0.33333 |       0.33333 |       0.00000 |       0.00000 |       0.00000 |      -2.36712 |       0.61073 |     179.99648 |     164.64383 |      -0.32219 |       0.22082 |     180.15393 |      -1.99584 |       0.17195 |      47.50811 |    -122.30821 |    1603.49133 |    1387.77332 |       1.00000 |    1606.49487 |      47.50000 |    -122.00000 |       0.14070 |       1.00000 | 
    275.16919 |      27.98995 |      27.98995 |       0.00000 |      20.29416 |      12.29416 |       0.51979 |      81.27833 |      79.77184 |      81.67551 |      83.48303 |      93.53343 |      93.99050 |      96.13767 |      -0.27885 |      -0.00144 |       0.00000 |       0.00000 |       0.00000 |       0.00000 |       0.00000 |       0.00000 |       0.00000 |      -0.26492 |       0.00634 |       0.00521 |       0.00000 |       0.00000 |       0.00000 |       0.00000 |       0.33333 |       0.33333 |       0.00000 |       0.00000 |       0.00000 |      -2.48828 |       0.62012 |     179.98711 |     164.63448 |      -0.29528 |       0.19352 |     180.17181 |      -2.14078 |       0.17652 |      47.50808 |    -122.30821 |    1602.97510 |    1386.12830 |       1.00000 |    1606.23511 |      47.50000 |    -122.00000 |       0.14070 |       1.00000 | 
    275.30701 |      28.09045 |      28.09045 |       0.00000 |      20.29419 |      12.29419 |       0.51982 |      81.11312 |      79.65887 |      81.55920 |      83.35885 |      93.34332 |      93.85666 |      96.00380 |      -0.26870 |      -0.00144 |       0.00000 |       0.00000 |       0.00000 |       0.00000 |       0.00000 |       0.00000 |       0.00000 |      -0.25603 |       0.00634 |       0.00524 |       0.00000 |       0.00000 |       0.00000 |       0.00000 |       0.33333 |       0.33333 |       0.00000 |       0.00000 |       0.00000 |      -2.59753 |       0.62958 |     179.97643 |     164.62379 |      -0.26023 |       0.16561 |     180.18890 |      -2.28206 |       0.17823 |      47.50803 |    -122.30821 |    1602.42432 |    1384.56116 |       1.00000 |    1605.95154 |      47.50000 |    -122.00000 |       0.14070 |       1.00000 | 
    275.43961 |      28.19095 |      28.19095 |       0.00000 |      20.29422 |      12.29422 |       0.51985 |      80.95316 |      79.55090 |      81.44796 |      83.23946 |      93.15924 |      93.72865 |      95.87572 |      -0.24354 |      -0.00062 |       0.00000 |       0.00000 |       0.00000 |       0.00000 |       0.00000 |       0.00000 |       0.00000 |      -0.23317 |       0.00714 |       0.00522 |       0.00000 |       0.00000 |       0.00000 |       0.00000 |       0.33333 |       0.33333 |       0.00000 |       0.00000 |       0.00000 |      -2.68441 |       0.63983 |     179.96664 |     164.61403 |      -0.20694 |       0.13910 |     180.20525 |      -2.41927 |       0.17726 |      47.50800 |    -122.30821 |    1601.83997 |    1383.04785 |       1.00000 |    1605.64307 |      47.50000 |    -122.00000 |       0.14070 |       1.00000 | 
    275.57227 |      28.29146 |      28.29146 |       0.00000 |      20.29425 |      12.29425 |       0.51988 |      80.79848 |      79.44708 |      81.34094 |      83.12466 |      92.98123 |      93.60549 |      95.75254 |      -0.24850 |      -0.00028 |       0.00000 |       0.00000 |       0.00000 |       0.00000 |       0.00000 |       0.00000 |       0.00000 |      -0.24104 |       0.00745 |       0.00515 |       0.00000 |       0.00000 |       0.00000 |       0.00000 |       0.33333 |       0.33333 |       0.00000 |       0.00000 |       0.00000 |      -2.74755 |       0.65079 |     179.95969 |     164.60707 |      -0.14260 |       0.11579 |     180.22107 |      -2.54405 |       0.17398 |      47.50796 |    -122.30821 |    1601.22449 |    1381.50635 |       1.00000 |    1605.30872 |      47.50000 |    -122.00000 |       0.14070 |       1.00000 | 
    275.70447 |      28.39196 |      28.39196 |       0.00000 |      20.29428 |      12.29428 |       0.51991 |      80.64909 |      79.34685 |      81.23756 |      83.01407 |      92.80933 |      93.48652 |      95.63354 |      -0.24850 |      -0.00028 |       0.00000 |       0.00000 |       0.00000 |       0.00000 |       0.00000 |       0.00000 |       0.00000 |      -0.24275 |       0.00744 |       0.00504 |       0.00000 |       0.00000 |       0.00000 |       0.00000 |       0.33333 |       0.33333 |       0.00000 |       0.00000 |       0.00000 |      -2.80137 |       0.66196 |     179.95680 |     164.60420 |      -0.08307 |       0.09691 |     180.23659 |      -2.65495 |       0.16896 |      47.50792 |    -122.30821 |    1600.58118 |    1379.77002 |       1.00000 |    1604.94739 |      47.50000 |    -122.00000 |       0.14070 |       1.00000 | 
    275.85596 |      28.49246 |      28.49246 |       0.00000 |      20.29430 |      12.29430 |       0.51993 |      80.50492 |      79.24990 |      81.13752 |      82.90730 |      92.64341 |      93.37139 |      95.51839 |      -0.24850 |      -0.00028 |       0.00000 |       0.00000 |       0.00000 |       0.00000 |       0.00000 |       0.00000 |       0.00000 |      -0.24372 |       0.00743 |       0.00492 |       0.00000 |       0.00000 |       0.00000 |       0.00000 |       0.33333 |       0.33333 |       0.00000 |       0.00000 |       0.00000 |      -2.85405 |       0.67336 |     179.95863 |     164.60603 |      -0.03392 |       0.08288 |     180.25201 |      -2.75455 |       0.16286 |      47.50788 |    -122.30821 |    1599.91321 |    1377.96472 |       1.00000 |    1604.55859 |      47.50000 |    -122.00000 |       0.14070 |       1.00000 | 
    275.98804 |      28.59296 |      28.59296 |       0.00000 |      20.29433 |      12.29433 |       0.51996 |      80.36584 |      79.15612 |      81.04069 |      82.80412 |      92.48336 |      93.25996 |      95.40695 |      -0.24850 |      -0.00028 |       0.00000 |       0.00000 |       0.00000 |       0.00000 |       0.00000 |       0.00000 |       0.00000 |      -0.24412 |       0.00742 |       0.00480 |       0.00000 |       0.00000 |       0.00000 |       0.00000 |       0.33333 |       0.33333 |       0.00000 |       0.00000 |       0.00000 |      -2.91074 |       0.68519 |     179.96526 |     164.61267 |       0.00283 |       0.07370 |     180.26752 |      -2.84589 |       0.15628 |      47.50784 |    -122.30821 |    1599.22290 |    1376.29688 |       1.00000 |    1604.14209 |      47.50000 |    -122.00000 |       0.14070 |       1.00000 | 
    276.12088 |      28.69347 |      28.69347 |       0.00000 |      20.29436 |      12.29436 |       0.51999 |      80.23170 |      79.06542 |      80.94698 |      82.70426 |      92.32900 |      93.15213 |      95.29912 |      -0.25098 |      -0.00028 |       0.00000 |       0.00000 |       0.00000 |       0.00000 |       0.00000 |       0.00000 |       0.00000 |      -0.24646 |       0.00739 |       0.00469 |       0.00000 |       0.00000 |       0.00000 |       0.00000 |       0.33333 |       0.33333 |       0.00000 |       0.00000 |       0.00000 |      -2.97559 |       0.69764 |     179.97638 |     164.62379 |       0.02602 |       0.06891 |     180.28325 |      -2.93192 |       0.14968 |      47.50780 |    -122.30821 |    1598.51196 |    1374.67297 |       1.00000 |    1603.69788 |      47.50000 |    -122.00000 |       0.14070 |       1.00000 | 
    276.25519 |      28.79397 |      28.79397 |       0.00000 |      20.29439 |      12.29439 |       0.52002 |      80.10234 |      78.97790 |      80.85651 |      82.60759 |      92.18013 |      93.04801 |      95.19500 |      -0.25098 |      -0.00028 |       0.00000 |       0.00000 |       0.00000 |       0.00000 |       0.00000 |       0.00000 |       0.00000 |      -0.24602 |       0.00737 |       0.00459 |       0.00000 |       0.00000 |       0.00000 |       0.00000 |       0.33333 |       0.33333 |       0.00000 |       0.00000 |       0.00000 |      -3.04996 |       0.71086 |     179.99136 |     164.63879 |       0.03806 |       0.06773 |     180.29935 |      -3.01630 |       0.14344 |      47.50777 |    -122.30821 |    1597.78101 |    1372.98474 |       1.00000 |    1603.22583 |      47.50000 |    -122.00000 |       0.14070 |       1.00000 | 
    276.40564 |      28.89447 |      28.89447 |       0.00000 |      20.29441 |      12.29442 |       0.52005 |      79.97759 |      78.89368 |      80.76941 |      82.51408 |      92.03658 |      92.94778 |      95.09477 |      -0.25334 |      -0.00028 |       0.00000 |       0.00000 |       0.00000 |       0.00000 |       0.00000 |       0.00000 |       0.00000 |      -0.24773 |       0.00734 |       0.00452 |       0.00000 |       0.00000 |       0.00000 |       0.00000 |       0.33333 |       0.33333 |       0.00000 |       0.00000 |       0.00000 |      -3.13431 |       0.72493 |     180.00938 |     164.65683 |       0.04069 |       0.06918 |     180.31590 |      -3.10119 |       0.13783 |      47.50773 |    -122.30821 |    1597.03027 |    1371.15979 |       1.00000 |    1602.72644 |      47.50000 |    -122.00000 |       0.14070 |       1.00000 | 
    276.49765 |      28.94472 |      28.94472 |       0.00000 |      20.29443 |      12.29443 |       0.52006 |      79.91691 |      78.85289 |      80.72720 |      82.46852 |      91.96674 |      92.89920 |      95.04619 |      -0.25334 |      -0.00028 |       0.00000 |       0.00000 |       0.00000 |       0.00000 |       0.00000 |       0.00000 |       0.00000 |      -0.24737 |       0.00733 |       0.00449 |       0.00000 |       0.00000 |       0.00000 |       0.00000 |       0.33333 |       0.33333 |       0.00000 |       0.00000 |       0.00000 |      -3.18003 |       0.73230 |     180.01924 |     164.66669 |       0.03945 |       0.07058 |     180.32437 |      -3.14460 |       0.13531 |      47.50771 |    -122.30821 |    1596.64722 |    1370.19556 |       1.00000 |    1602.46692 |      47.50000 |    -122.00000 |       0.14070 |       1.00000 | 
    276.58960 |      28.99498 |      28.99498 |       0.00000 |      20.29444 |      12.29444 |       0.52007 |      79.85732 |      78.81301 |      80.68591 |      82.42375 |      91.89817 |      92.85169 |      94.99866 |      -0.25334 |      -0.00028 |       0.00000 |       0.00000 |       0.00000 |       0.00000 |       0.00000 |       0.00000 |       0.00000 |      -0.24702 |       0.00732 |       0.00447 |       0.00000 |       0.00000 |       0.00000 |       0.00000 |       0.33333 |       0.33333 |       0.00000 |       0.00000 |       0.00000 |      -3.22783 |       0.73989 |     180.02948 |     164.67693 |       0.03702 |       0.07226 |     180.33298 |      -3.18887 |       0.13300 |      47.50769 |    -122.30821 |    1596.25903 |    1369.25549 |       1.00000 |    1602.20068 |      47.50000 |    -122.00000 |       0.14070 |       1.00000 | 
    276.74326 |      29.09548 |      29.09548 |       0.00000 |      20.29447 |      12.29447 |       0.52010 |      79.74141 |      78.73601 |      80.60614 |      82.33668 |      91.76478 |      92.75989 |      94.90687 |      -0.25334 |      -0.00028 |       0.00000 |       0.00000 |       0.00000 |       0.00000 |       0.00000 |       0.00000 |       0.00000 |      -0.24637 |       0.00729 |       0.00444 |       0.00000 |       0.00000 |       0.00000 |       0.00000 |       0.33333 |       0.33333 |       0.00000 |       0.00000 |       0.00000 |      -3.32880 |       0.75572 |     180.05074 |     164.69820 |       0.02987 |       0.07596 |     180.35059 |      -3.28042 |       0.12900 |      47.50765 |    -122.30821 |    1595.46667 |    1367.49048 |       1.00000 |    1601.64844 |      47.50000 |    -122.00000 |       0.14070 |       1.00000 | 
    276.80997 |      29.14573 |      29.14573 |       0.00000 |      20.29449 |      12.29449 |       0.52011 |      79.68504 |      78.69895 |      80.56773 |      82.29438 |      91.69991 |      92.71569 |      94.86265 |      -0.25334 |      -0.00028 |       0.00000 |       0.00000 |       0.00000 |       0.00000 |       0.00000 |       0.00000 |       0.00000 |      -0.24607 |       0.00728 |       0.00443 |       0.00000 |       0.00000 |       0.00000 |       0.00000 |       0.33333 |       0.33333 |       0.00000 |       0.00000 |       0.00000 |      -3.38156 |       0.76394 |     180.06154 |     164.70900 |       0.02568 |       0.07777 |     180.35960 |      -3.32783 |       0.12730 |      47.50763 |    -122.30821 |    1595.06226 |    1366.62927 |       1.00000 |    1601.36279 |      47.50000 |    -122.00000 |       0.14070 |       1.00000 | 
    276.95956 |      29.24623 |      29.24623 |       0.00000 |      20.29451 |      12.29451 |       0.52014 |      79.57544 |      78.62780 |      80.49392 |      82.21235 |      91.57378 |      92.63074 |      94.77768 |      -0.25168 |      -0.00028 |       0.00000 |       0.00000 |       0.00000 |       0.00000 |       0.00000 |       0.00000 |       0.00000 |      -0.24391 |       0.00726 |       0.00443 |       0.00000 |       0.00000 |       0.00000 |       0.00000 |       0.33333 |       0.33333 |       0.00000 |       0.00000 |       0.00000 |      -3.49035 |       0.78093 |     180.08299 |     164.73045 |       0.01753 |       0.08089 |     180.37801 |      -3.42605 |       0.12443 |      47.50760 |    -122.30821 |    1594.23621 |    1364.91028 |       1.00000 |    1600.77271 |      47.50000 |    -122.00000 |       0.14070 |       1.00000 | 
    277.02737 |      29.29648 |      29.29648 |       0.00000 |      20.29453 |      12.29453 |       0.52016 |      79.52218 |      78.59373 |      80.45853 |      82.17262 |      91.51249 |      92.59003 |      94.73695 |      -0.25004 |      -0.00028 |       0.00000 |       0.00000 |       0.00000 |       0.00000 |       0.00000 |       0.00000 |       0.00000 |      -0.24214 |       0.00726 |       0.00444 |       0.00000 |       0.00000 |       0.00000 |       0.00000 |       0.33333 |       0.33333 |       0.00000 |       0.00000 |       0.00000 |      -3.54541 |       0.78967 |     180.09351 |     164.74098 |       0.01454 |       0.08202 |     180.38739 |      -3.47686 |       0.12322 |      47.50758 |    -122.30821 |    1593.81421 |    1363.97522 |       1.00000 |    1600.46826 |      47.50000 |    -122.00000 |       0.14070 |       1.00000 | 
    277.18732 |      29.39699 |      29.39699 |       0.00000 |      20.29456 |      12.29456 |       0.52018 |      79.41872 |      78.52868 |      80.39092 |      82.09578 |      91.39343 |      92.51223 |      94.65909 |      -0.23341 |      -0.00028 |       0.00000 |       0.00000 |       0.00000 |       0.00000 |       0.00000 |       0.00000 |       0.00000 |      -0.22576 |       0.00724 |       0.00446 |       0.00000 |       0.00000 |       0.00000 |       0.00000 |       0.33333 |       0.33333 |       0.00000 |       0.00000 |       0.00000 |      -3.65077 |       0.80753 |     180.11395 |     164.76143 |       0.01712 |       0.08323 |     180.40648 |      -3.58223 |       0.12116 |      47.50754 |    -122.30821 |    1592.95190 |    1362.03357 |       1.00000 |    1599.84106 |      47.50000 |    -122.00000 |       0.14070 |       1.00000 | 
    277.32458 |      29.49749 |      29.49749 |       0.00000 |      20.29458 |      12.29458 |       0.52021 |      79.31929 |      78.46765 |      80.32742 |      82.02212 |      91.27901 |      92.43914 |      94.58594 |      -0.15703 |      -0.00028 |       0.00000 |       0.00000 |       0.00000 |       0.00000 |       0.00000 |       0.00000 |       0.00000 |      -0.15351 |       0.00723 |       0.00448 |       0.00000 |       0.00000 |       0.00000 |       0.00000 |       0.33333 |       0.33333 |       0.00000 |       0.00000 |       0.00000 |      -3.71356 |       0.82579 |     180.13406 |     164.78156 |       0.06927 |       0.08297 |     180.42596 |      -3.69447 |       0.11941 |      47.50750 |    -122.30821 |    1592.06348 |    1360.04956 |       1.00000 |    1599.18921 |      47.50000 |    -122.00000 |       0.14070 |       1.00000 | 
    277.45657 |      29.59799 |      29.59799 |       0.00000 |      20.29461 |      12.29461 |       0.52024 |      79.22388 |      78.40919 |      80.26650 |      81.95225 |      91.16922 |      92.36904 |      94.51581 |      -0.14587 |      -0.00050 |       0.00000 |       0.00000 |       0.00000 |       0.00000 |       0.00000 |       0.00000 |       0.00000 |      -0.15040 |       0.00701 |       0.00449 |       0.00000 |       0.00000 |       0.00000 |       0.00000 |       0.33333 |       0.33333 |       0.00000 |       0.00000 |       0.00000 |      -3.70493 |       0.84422 |     180.15463 |     164.80212 |       0.17706 |       0.08161 |     180.44611 |      -3.79129 |       0.11791 |      47.50746 |    -122.30821 |    1591.15027 |    1358.14844 |       1.00000 |    1598.51306 |      47.50000 |    -122.00000 |       0.14070 |       1.00000 | 
    277.58905 |      29.69849 |      29.69849 |       0.00000 |      20.29464 |      12.29464 |       0.52027 |      79.13238 |      78.35149 |      80.20632 |      81.88586 |      91.06392 |      92.29980 |      94.44661 |      -0.14587 |      -0.00050 |       0.00000 |       0.00000 |       0.00000 |       0.00000 |       0.00000 |       0.00000 |       0.00000 |      -0.15688 |       0.00701 |       0.00449 |       0.00000 |       0.00000 |       0.00000 |       0.00000 |       0.33333 |       0.33333 |       0.00000 |       0.00000 |       0.00000 |      -3.64663 |       0.86261 |     180.17599 |     164.82350 |       0.30383 |       0.07985 |     180.46710 |      -3.85811 |       0.11636 |      47.50742 |    -122.30821 |    1590.21875 |    1356.35303 |       1.00000 |    1597.81262 |      47.50000 |    -122.00000 |       0.14070 |       1.00000 | 
    277.65445 |      29.74874 |      29.74874 |       0.00000 |      20.29465 |      12.29465 |       0.52028 |      79.08804 |      78.32250 |      80.17610 |      81.85368 |      91.01289 |      92.26501 |      94.41189 |      -0.14587 |      -0.00050 |       0.00000 |       0.00000 |       0.00000 |       0.00000 |       0.00000 |       0.00000 |       0.00000 |      -0.15935 |       0.00700 |       0.00449 |       0.00000 |       0.00000 |       0.00000 |       0.00000 |       0.33333 |       0.33333 |       0.00000 |       0.00000 |       0.00000 |      -3.60667 |       0.87191 |     180.18698 |     164.83449 |       0.36595 |       0.07892 |     180.47792 |      -3.87972 |       0.11556 |      47.50740 |    -122.30821 |    1589.74854 |    1355.39734 |       1.00000 |    1597.45337 |      47.50000 |    -122.00000 |       0.14070 |       1.00000 | 
    277.80185 |      29.84925 |      29.84925 |       0.00000 |      20.29468 |      12.29468 |       0.52031 |      79.00203 |      78.26376 |      80.11485 |      81.79063 |      90.91392 |      92.19452 |      94.34158 |      -0.14786 |      -0.00050 |       0.00000 |       0.00000 |       0.00000 |       0.00000 |       0.00000 |       0.00000 |       0.00000 |      -0.16476 |       0.00699 |       0.00447 |       0.00000 |       0.00000 |       0.00000 |       0.00000 |       0.33333 |       0.33333 |       0.00000 |       0.00000 |       0.00000 |      -3.51777 |       0.89075 |     180.20950 |     164.85703 |       0.47692 |       0.07705 |     180.50023 |      -3.90119 |       0.11393 |      47.50737 |    -122.30821 |    1588.80347 |    1353.43530 |       1.00000 |    1596.71716 |      47.50000 |    -122.00000 |       0.14070 |       1.00000 | 
    277.93695 |      29.94975 |      29.94975 |       0.00000 |      20.29471 |      12.29471 |       0.52034 |      78.91933 |      78.20362 |      80.05216 |      81.72853 |      90.81875 |      92.12239 |      94.26969 |      -0.14786 |      -0.00050 |       0.00000 |       0.00000 |       0.00000 |       0.00000 |       0.00000 |       0.00000 |       0.00000 |      -0.16642 |       0.00698 |       0.00446 |       0.00000 |       0.00000 |       0.00000 |       0.00000 |       0.33333 |       0.33333 |       0.00000 |       0.00000 |       0.00000 |      -3.42978 |       0.90994 |     180.23239 |     164.87991 |       0.56264 |       0.07507 |     180.52333 |      -3.89888 |       0.11225 |      47.50733 |    -122.30822 |    1587.85779 |    1351.58081 |       1.00000 |    1595.95813 |      47.50000 |    -122.00000 |       0.14070 |       1.00000 | 
    278.07425 |      30.05025 |      30.05025 |       0.00000 |      20.29473 |      12.29474 |       0.52037 |      78.83954 |      78.14194 |      79.98791 |      81.66651 |      90.72692 |      92.04844 |      94.19606 |      -0.14786 |      -0.00050 |       0.00000 |       0.00000 |       0.00000 |       0.00000 |       0.00000 |       0.00000 |       0.00000 |      -0.16686 |       0.00698 |       0.00446 |       0.00000 |       0.00000 |       0.00000 |       0.00000 |       0.33333 |       0.33333 |       0.00000 |       0.00000 |       0.00000 |      -3.35141 |       0.92947 |     180.25537 |     164.90291 |       0.62180 |       0.07283 |     180.54715 |      -3.88003 |       0.11055 |      47.50729 |    -122.30822 |    1586.91602 |    1350.08911 |       1.00000 |    1595.17725 |      47.50000 |    -122.00000 |       0.14070 |       1.00000 | 
    278.14639 |      30.10050 |      30.10050 |       0.00000 |      20.29475 |      12.29475 |       0.52038 |      78.80064 |      78.11054 |      79.95521 |      81.63536 |      90.68217 |      92.01082 |      94.15859 |      -0.15204 |      -0.00050 |       0.00000 |       0.00000 |       0.00000 |       0.00000 |       0.00000 |       0.00000 |       0.00000 |      -0.17075 |       0.00697 |       0.00446 |       0.00000 |       0.00000 |       0.00000 |       0.00000 |       0.33333 |       0.33333 |       0.00000 |       0.00000 |       0.00000 |      -3.31795 |       0.93934 |     180.26678 |     164.91432 |       0.64120 |       0.07155 |     180.55930 |      -3.86625 |       0.10968 |      47.50727 |    -122.30822 |    1586.44763 |    1349.42200 |       1.00000 |    1594.77917 |      47.50000 |    -122.00000 |       0.14070 |       1.00000 | 
    278.29144 |      30.20101 |      30.20101 |       0.00000 |      20.29478 |      12.29478 |       0.52041 |      78.72454 |      78.04681 |      79.88887 |      81.57250 |      90.59459 |      91.93447 |      94.08260 |      -0.15658 |      -0.00497 |       0.00000 |       0.00000 |       0.00000 |       0.00000 |       0.00000 |       0.00000 |       0.00000 |      -0.17415 |       0.00260 |       0.00446 |       0.00000 |       0.00000 |       0.00000 |       0.00000 |       0.33333 |       0.33333 |       0.00000 |       0.00000 |       0.00000 |      -3.26508 |       0.95652 |     180.28928 |     164.93683 |       0.66171 |       0.06858 |     180.58394 |      -3.83456 |       0.10785 |      47.50723 |    -122.30822 |    1585.51697 |    1348.09094 |       1.00000 |    1593.96924 |      47.50000 |    -122.00000 |       0.14070 |       1.00000 | 
    278.36050 |      30.25126 |      30.25126 |       0.00000 |      20.29479 |      12.29479 |       0.52042 |      78.68725 |      78.01447 |      79.85522 |      81.54086 |      90.55167 |      91.89574 |      94.04404 |      -0.18946 |      -0.01918 |       0.00000 |       0.00000 |       0.00000 |       0.00000 |       0.00000 |       0.00000 |       0.00000 |      -0.20491 |      -0.01122 |       0.00446 |       0.00000 |       0.00000 |       0.00000 |       0.00000 |       0.33333 |       0.33333 |       0.00000 |       0.00000 |       0.00000 |      -3.25196 |       0.95463 |     180.30031 |     164.94786 |       0.65571 |       0.06718 |     180.59634 |      -3.81587 |       0.10682 |      47.50721 |    -122.30822 |    1585.05505 |    1347.42285 |       1.00000 |    1593.55774 |      47.50000 |    -122.00000 |       0.14070 |       1.00000 | 
    278.44104 |      30.30151 |      30.30151 |       0.00000 |      20.29481 |      12.29481 |       0.52044 |      78.65041 |      77.98190 |      79.82133 |      81.50907 |      90.50928 |      91.85675 |      94.00524 |      -0.23079 |      -0.02585 |       0.00000 |       0.00000 |       0.00000 |       0.00000 |       0.00000 |       0.00000 |       0.00000 |      -0.24260 |      -0.01742 |       0.00446 |       0.00000 |       0.00000 |       0.00000 |       0.00000 |       0.33333 |       0.33333 |       0.00000 |       0.00000 |       0.00000 |      -3.25753 |       0.94348 |     180.31105 |     164.95860 |       0.63013 |       0.06592 |     180.60876 |      -3.79631 |       0.10581 |      47.50719 |    -122.30822 |    1584.59570 |    1346.71838 |       1.00000 |    1593.14246 |      47.50000 |    -122.00000 |       0.14070 |       1.00000 | 
    278.53159 |      30.35176 |      30.35176 |       0.00000 |      20.29482 |      12.29482 |       0.52045 |      78.61398 |      77.94948 |      79.78760 |      81.47699 |      90.46735 |      91.81793 |      93.96658 |      -0.24058 |      -0.02666 |       0.00000 |       0.00000 |       0.00000 |       0.00000 |       0.00000 |       0.00000 |       0.00000 |      -0.24854 |      -0.01794 |       0.00446 |       0.00000 |       0.00000 |       0.00000 |       0.00000 |       0.33333 |       0.33333 |       0.00000 |       0.00000 |       0.00000 |      -3.28323 |       0.92723 |     180.32146 |     164.96901 |       0.58874 |       0.06481 |     180.62100 |      -3.78098 |       0.10489 |      47.50718 |    -122.30822 |    1584.13855 |    1345.94800 |       1.00000 |    1592.72363 |      47.50000 |    -122.00000 |       0.14070 |       1.00000 | 
    278.68539 |      30.45226 |      30.45226 |       0.00000 |      20.29485 |      12.29485 |       0.52048 |      78.54221 |      77.88613 |      79.72167 |      81.41215 |      90.38476 |      91.74207 |      93.89098 |      -0.21830 |      -0.02753 |       0.00000 |       0.00000 |       0.00000 |       0.00000 |       0.00000 |       0.00000 |       0.00000 |      -0.22022 |      -0.01859 |       0.00447 |       0.00000 |       0.00000 |       0.00000 |       0.00000 |       0.33333 |       0.33333 |       0.00000 |       0.00000 |       0.00000 |      -3.37614 |       0.88815 |     180.34125 |     164.98882 |       0.48815 |       0.06283 |     180.64449 |      -3.77348 |       0.10326 |      47.50714 |    -122.30822 |    1583.22742 |    1344.59644 |       1.00000 |    1591.87622 |      47.50000 |    -122.00000 |       0.14070 |       1.00000 | 
    278.82303 |      30.55276 |      30.55276 |       0.00000 |      20.29488 |      12.29488 |       0.52051 |      78.47177 |      77.82578 |      79.65882 |      81.34721 |      90.30370 |      91.66974 |      93.81883 |      -0.18042 |      -0.02753 |       0.00000 |       0.00000 |       0.00000 |       0.00000 |       0.00000 |       0.00000 |       0.00000 |      -0.18004 |      -0.01854 |       0.00449 |       0.00000 |       0.00000 |       0.00000 |       0.00000 |       0.33333 |       0.33333 |       0.00000 |       0.00000 |       0.00000 |      -3.48316 |       0.84655 |     180.36008 |     165.00766 |       0.40691 |       0.06102 |     180.66649 |      -3.79867 |       0.10171 |      47.50710 |    -122.30822 |    1582.31384 |    1343.15552 |       1.00000 |    1591.01782 |      47.50000 |    -122.00000 |       0.14070 |       1.00000 | 
    278.89151 |      30.60302 |      30.60302 |       0.00000 |      20.29489 |      12.29489 |       0.52052 |      78.43703 |      77.79677 |      79.62859 |      81.31507 |      90.26373 |      91.63496 |      93.78410 |      -0.17159 |      -0.03404 |       0.00000 |       0.00000 |       0.00000 |       0.00000 |       0.00000 |       0.00000 |       0.00000 |      -0.17162 |      -0.02493 |       0.00450 |       0.00000 |       0.00000 |       0.00000 |       0.00000 |       0.33333 |       0.33333 |       0.00000 |       0.00000 |       0.00000 |      -3.52854 |       0.82189 |     180.36942 |     165.01700 |       0.38355 |       0.06031 |     180.67694 |      -3.82020 |       0.10090 |      47.50708 |    -122.30822 |    1581.85400 |    1342.43518 |       1.00000 |    1590.58508 |      47.50000 |    -122.00000 |       0.14070 |       1.00000 | 
    279.04413 |      30.70352 |      30.70352 |       0.00000 |      20.29492 |      12.29492 |       0.52055 |      78.36852 |      77.74077 |      79.57019 |      81.25188 |      90.18488 |      91.56775 |      93.71697 |      -0.14434 |      -0.04477 |       0.00000 |       0.00000 |       0.00000 |       0.00000 |       0.00000 |       0.00000 |       0.00000 |      -0.14698 |      -0.03506 |       0.00450 |       0.00000 |       0.00000 |       0.00000 |       0.00000 |       0.33333 |       0.33333 |       0.00000 |       0.00000 |       0.00000 |      -3.59202 |       0.75208 |     180.38872 |     165.03630 |       0.37355 |       0.06021 |     180.69676 |      -3.87245 |       0.09928 |      47.50704 |    -122.30822 |    1580.92566 |    1341.08289 |       1.00000 |    1589.71338 |      47.50000 |    -122.00000 |       0.14070 |       1.00000 | 
    279.19247 |      30.80402 |      30.80402 |       0.00000 |      20.29495 |      12.29495 |       0.52058 |      78.30128 |      77.68686 |      79.51389 |      81.19038 |      90.10751 |      91.50296 |      93.65223 |      -0.10340 |      -0.04977 |       0.00000 |       0.00000 |       0.00000 |       0.00000 |       0.00000 |       0.00000 |       0.00000 |      -0.11287 |      -0.03979 |       0.00448 |       0.00000 |       0.00000 |       0.00000 |       0.00000 |       0.33333 |       0.33333 |       0.00000 |       0.00000 |       0.00000 |      -3.59344 |       0.66922 |     180.40971 |     165.05731 |       0.42911 |       0.06272 |     180.71498 |      -3.92811 |       0.09805 |      47.50701 |    -122.30822 |    1579.98462 |    1339.80664 |       1.00000 |    1588.83411 |      47.50000 |    -122.00000 |       0.14070 |       1.00000 | 
    279.32712 |      30.90452 |      30.90452 |       0.00000 |      20.29498 |      12.29497 |       0.52060 |      78.23534 |      77.63326 |      79.45794 |      81.13089 |      90.03163 |      91.43857 |      93.58790 |      -0.09422 |      -0.08505 |       0.00000 |       0.00000 |       0.00000 |       0.00000 |       0.00000 |       0.00000 |       0.00000 |      -0.11149 |      -0.07397 |       0.00442 |       0.00000 |       0.00000 |       0.00000 |       0.00000 |       0.33333 |       0.33333 |       0.00000 |       0.00000 |       0.00000 |      -3.53019 |       0.54277 |     180.43343 |     165.08102 |       0.53131 |       0.06989 |     180.73137 |      -3.96617 |       0.09703 |      47.50697 |    -122.30822 |    1579.03308 |    1338.43396 |       1.00000 |    1587.94763 |      47.50000 |    -122.00000 |       0.14070 |       1.00000 | 
    279.46124 |      31.00503 |      31.00503 |       0.00000 |      20.29500 |      12.29500 |       0.52063 |      78.17061 |      77.57851 |      79.40076 |      81.07288 |      89.95713 |      91.37277 |      93.52222 |      -0.09187 |      -0.09722 |       0.00000 |       0.00000 |       0.00000 |       0.00000 |       0.00000 |       0.00000 |       0.00000 |      -0.11557 |      -0.08502 |       0.00434 |       0.00000 |       0.00000 |       0.00000 |       0.00000 |       0.33333 |       0.33333 |       0.00000 |       0.00000 |       0.00000 |      -3.42156 |       0.35946 |     180.46062 |     165.10823 |       0.65094 |       0.08408 |     180.74524 |      -3.97699 |       0.09717 |      47.50693 |    -122.30822 |    1578.07715 |    1337.08704 |       1.00000 |    1587.05432 |      47.50000 |    -122.00000 |       0.14070 |       1.00000 | 
    279.52646 |      31.05528 |      31.05528 |       0.00000 |      20.29502 |      12.29502 |       0.52065 |      78.13866 |      77.55032 |      79.37135 |      81.04414 |      89.92036 |      91.33893 |      93.48844 |      -0.09187 |      -0.10037 |       0.00000 |       0.00000 |       0.00000 |       0.00000 |       0.00000 |       0.00000 |       0.00000 |      -0.11804 |      -0.08795 |       0.00429 |       0.00000 |       0.00000 |       0.00000 |       0.00000 |       0.33333 |       0.33333 |       0.00000 |       0.00000 |       0.00000 |      -3.35704 |       0.25884 |     180.47539 |     165.12300 |       0.70975 |       0.09404 |     180.75093 |      -3.97147 |       0.09790 |      47.50691 |    -122.30822 |    1577.59973 |    1336.43860 |       1.00000 |    1586.60510 |      47.50000 |    -122.00000 |       0.14070 |       1.00000 | 
    279.67294 |      31.15578 |      31.15578 |       0.00000 |      20.29504 |      12.29504 |       0.52067 |      78.07549 |      77.49187 |      79.31042 |      80.98655 |      89.84768 |      91.26880 |      93.41849 |      -0.09187 |      -0.10172 |       0.00000 |       0.00000 |       0.00000 |       0.00000 |       0.00000 |       0.00000 |       0.00000 |      -0.12151 |      -0.08910 |       0.00423 |       0.00000 |       0.00000 |       0.00000 |       0.00000 |       0.33333 |       0.33333 |       0.00000 |       0.00000 |       0.00000 |      -3.21924 |       0.05152 |     180.50647 |     165.15410 |       0.81542 |       0.11908 |     180.75946 |      -3.94031 |       0.10071 |      47.50687 |    -122.30823 |    1576.64990 |    1335.16077 |       1.00000 |    1585.70203 |      47.50000 |    -122.00000 |       0.14070 |       1.00000 | 
    279.80560 |      31.25628 |      31.25628 |       0.00000 |      20.29507 |      12.29507 |       0.52070 |      78.01307 |      77.43031 |      79.24630 |      80.92790 |      89.77584 |      91.19501 |      93.34489 |      -0.09187 |      -0.10172 |       0.00000 |       0.00000 |       0.00000 |       0.00000 |       0.00000 |       0.00000 |       0.00000 |      -0.12331 |      -0.08906 |       0.00421 |       0.00000 |       0.00000 |       0.00000 |       0.00000 |       0.33333 |       0.33333 |       0.00000 |       0.00000 |       0.00000 |      -3.08096 |      -0.15848 |     180.53812 |     165.18575 |       0.89863 |       0.14943 |     180.76405 |      -3.88694 |       0.10543 |      47.50684 |    -122.30823 |    1575.71179 |    1333.93628 |       1.00000 |    1584.79285 |      47.50000 |    -122.00000 |       0.14070 |       1.00000 | 
    279.87180 |      31.30653 |      31.30653 |       0.00000 |      20.29509 |      12.29508 |       0.52072 |      77.98206 |      77.39829 |      79.21298 |      80.89791 |      89.74016 |      91.15668 |      93.30666 |      -0.09187 |      -0.09969 |       0.00000 |       0.00000 |       0.00000 |       0.00000 |       0.00000 |       0.00000 |       0.00000 |      -0.12372 |      -0.08707 |       0.00422 |       0.00000 |       0.00000 |       0.00000 |       0.00000 |       0.33333 |       0.33333 |       0.00000 |       0.00000 |       0.00000 |      -3.01453 |      -0.26217 |     180.55351 |     165.20114 |       0.93099 |       0.16590 |     180.76486 |      -3.85395 |       0.10856 |      47.50682 |    -122.30823 |    1575.24854 |    1333.30078 |       1.00000 |    1584.33630 |      47.50000 |    -122.00000 |       0.14070 |       1.00000 | 
    280.02512 |      31.40704 |      31.40704 |       0.00000 |      20.29511 |      12.29511 |       0.52074 |      77.92026 |      77.33183 |      79.14388 |      80.83619 |      89.66904 |      91.07716 |      93.22733 |      -0.09737 |      -0.09252 |       0.00000 |       0.00000 |       0.00000 |       0.00000 |       0.00000 |       0.00000 |       0.00000 |      -0.12882 |      -0.08012 |       0.00428 |       0.00000 |       0.00000 |       0.00000 |       0.00000 |       0.33333 |       0.33333 |       0.00000 |       0.00000 |       0.00000 |      -2.89265 |      -0.46117 |     180.58202 |     165.22966 |       0.97529 |       0.19960 |     180.76353 |      -3.77888 |       0.11638 |      47.50678 |    -122.30823 |    1574.33557 |    1332.06702 |       1.00000 |    1583.41992 |      47.50000 |    -122.00000 |       0.14070 |       1.00000 | 
    280.17874 |      31.50754 |      31.50754 |       0.00000 |      20.29514 |      12.29514 |       0.52077 |      77.85842 |      77.26253 |      79.07189 |      80.77191 |      89.59788 |      90.99432 |      93.14462 |      -0.09737 |      -0.04618 |       0.00000 |       0.00000 |       0.00000 |       0.00000 |       0.00000 |       0.00000 |       0.00000 |      -0.12784 |      -0.03534 |       0.00443 |       0.00000 |       0.00000 |       0.00000 |       0.00000 |       0.33333 |       0.33333 |       0.00000 |       0.00000 |       0.00000 |      -2.78773 |      -0.59470 |     180.60481 |     165.25247 |       0.99692 |       0.22981 |     180.75897 |      -3.69817 |       0.12643 |      47.50674 |    -122.30823 |    1573.44250 |    1330.88025 |       1.00000 |    1582.50098 |      47.50000 |    -122.00000 |       0.14070 |       1.00000 | 
    280.31329 |      31.60804 |      31.60804 |       0.00000 |      20.29517 |      12.29517 |       0.52080 |      77.79633 |      77.19064 |      78.99728 |      80.70490 |      89.52641 |      90.90845 |      93.05891 |      -0.09912 |      -0.04618 |       0.00000 |       0.00000 |       0.00000 |       0.00000 |       0.00000 |       0.00000 |       0.00000 |      -0.12832 |      -0.03618 |       0.00466 |       0.00000 |       0.00000 |       0.00000 |       0.00000 |       0.33333 |       0.33333 |       0.00000 |       0.00000 |       0.00000 |      -2.69840 |      -0.68259 |     180.61874 |     165.26640 |       1.00252 |       0.25266 |     180.75212 |      -3.61688 |       0.13725 |      47.50671 |    -122.30823 |    1572.56958 |    1329.68433 |       1.00000 |    1581.58069 |      47.50000 |    -122.00000 |       0.14070 |       1.00000 | 
    280.45236 |      31.70854 |      31.70854 |       0.00000 |      20.29520 |      12.29520 |       0.52083 |      77.73369 |      77.11656 |      78.92047 |      80.63521 |      89.45433 |      90.82006 |      92.97060 |      -0.09912 |      -0.04618 |       0.00000 |       0.00000 |       0.00000 |       0.00000 |       0.00000 |       0.00000 |       0.00000 |      -0.12705 |      -0.03632 |       0.00492 |       0.00000 |       0.00000 |       0.00000 |       0.00000 |       0.33333 |       0.33333 |       0.00000 |       0.00000 |       0.00000 |      -2.62271 |      -0.76174 |     180.62238 |     165.27005 |       0.99753 |       0.26667 |     180.74361 |      -3.53849 |       0.14849 |      47.50667 |    -122.30823 |    1571.71655 |    1328.53735 |       1.00000 |    1580.66150 |      47.50000 |    -122.00000 |       0.14070 |       1.00000 | 
    280.59338 |      31.80905 |      31.80905 |       0.00000 |      20.29523 |      12.29523 |       0.52085 |      77.67028 |      77.04063 |      78.84177 |      80.56303 |      89.38136 |      90.72949 |      92.88009 |      -0.09912 |      -0.04618 |       0.00000 |       0.00000 |       0.00000 |       0.00000 |       0.00000 |       0.00000 |       0.00000 |      -0.12600 |      -0.03632 |       0.00518 |       0.00000 |       0.00000 |       0.00000 |       0.00000 |       0.33333 |       0.33333 |       0.00000 |       0.00000 |       0.00000 |      -2.55706 |      -0.83980 |     180.61542 |     165.26309 |       0.98773 |       0.27182 |     180.73334 |      -3.46512 |       0.15969 |      47.50663 |    -122.30823 |    1570.88220 |    1327.41675 |       1.00000 |    1579.74536 |      47.50000 |    -122.00000 |       0.14070 |       1.00000 | 
    280.73044 |      31.90955 |      31.90955 |       0.00000 |      20.29525 |      12.29525 |       0.52088 |      77.60593 |      76.96304 |      78.76141 |      80.48858 |      89.30732 |      90.63701 |      92.78764 |      -0.10424 |      -0.04618 |       0.00000 |       0.00000 |       0.00000 |       0.00000 |       0.00000 |       0.00000 |       0.00000 |      -0.12995 |      -0.03629 |       0.00543 |       0.00000 |       0.00000 |       0.00000 |       0.00000 |       0.33333 |       0.33333 |       0.00000 |       0.00000 |       0.00000 |      -2.49991 |      -0.91846 |     180.59834 |     165.24603 |       0.97493 |       0.26888 |     180.72101 |      -3.39701 |       0.17023 |      47.50659 |    -122.30823 |    1570.06555 |    1326.36328 |       1.00000 |    1578.83374 |      47.50000 |    -122.00000 |       0.14070 |       1.00000 | 
    280.86591 |      32.01005 |      32.01005 |       0.00000 |      20.29528 |      12.29528 |       0.52091 |      77.54054 |      76.88395 |      78.67953 |      80.41219 |      89.23206 |      90.54279 |      92.69340 |      -0.14430 |      -0.04618 |       0.00000 |       0.00000 |       0.00000 |       0.00000 |       0.00000 |       0.00000 |       0.00000 |      -0.16642 |      -0.03625 |       0.00566 |       0.00000 |       0.00000 |       0.00000 |       0.00000 |       0.33333 |       0.33333 |       0.00000 |       0.00000 |       0.00000 |      -2.46309 |      -0.99830 |     180.57233 |     165.22002 |       0.94504 |       0.25916 |     180.70631 |      -3.33196 |       0.17954 |      47.50655 |    -122.30823 |    1569.26538 |    1325.36694 |       1.00000 |    1577.92834 |      47.50000 |    -122.00000 |       0.14070 |       1.00000 | 
    280.93494 |      32.06030 |      32.06030 |       0.00000 |      20.29530 |      12.29529 |       0.52092 |      77.50742 |      76.84408 |      78.63825 |      80.37334 |      89.19395 |      90.49529 |      92.64589 |      -0.15082 |      -0.04466 |       0.00000 |       0.00000 |       0.00000 |       0.00000 |       0.00000 |       0.00000 |       0.00000 |      -0.17054 |      -0.03474 |       0.00576 |       0.00000 |       0.00000 |       0.00000 |       0.00000 |       0.33333 |       0.33333 |       0.00000 |       0.00000 |       0.00000 |      -2.45957 |      -1.03792 |     180.55644 |     165.20413 |       0.91872 |       0.25213 |     180.69804 |      -3.30282 |       0.18362 |      47.50654 |    -122.30823 |    1568.87109 |    1324.84692 |       1.00000 |    1577.47852 |      47.50000 |    -122.00000 |       0.14070 |       1.00000 | 
    281.09402 |      32.16080 |      32.16080 |       0.00000 |      20.29532 |      12.29532 |       0.52095 |      77.44025 |      76.76447 |      78.55588 |      80.29457 |      89.11665 |      90.40049 |      92.55099 |      -0.14744 |      -0.04312 |       0.00000 |       0.00000 |       0.00000 |       0.00000 |       0.00000 |       0.00000 |       0.00000 |      -0.16336 |      -0.03326 |       0.00595 |       0.00000 |       0.00000 |       0.00000 |       0.00000 |       0.33333 |       0.33333 |       0.00000 |       0.00000 |       0.00000 |      -2.47567 |      -1.11476 |     180.51962 |     165.16733 |       0.85754 |       0.23452 |     180.67973 |      -3.25871 |       0.19050 |      47.50650 |    -122.30824 |    1568.09167 |    1323.83838 |       1.00000 |    1576.58533 |      47.50000 |    -122.00000 |       0.14070 |       1.00000 | 
    281.23898 |      32.26131 |      32.26131 |       0.00000 |      20.29535 |      12.29535 |       0.52098 |      77.37194 |      76.68573 |      78.47440 |      80.21486 |      89.03804 |      90.30674 |      92.45706 |      -0.11423 |      -0.00933 |       0.00000 |       0.00000 |       0.00000 |       0.00000 |       0.00000 |       0.00000 |       0.00000 |      -0.12906 |      -0.00028 |       0.00610 |       0.00000 |       0.00000 |       0.00000 |       0.00000 |       0.33333 |       0.33333 |       0.00000 |       0.00000 |       0.00000 |      -2.50193 |      -1.16462 |     180.47661 |     165.12431 |       0.80859 |       0.21259 |     180.65930 |      -3.23623 |       0.19573 |      47.50646 |    -122.30824 |    1567.32043 |    1322.76563 |       1.00000 |    1575.70178 |      47.50000 |    -122.00000 |       0.14070 |       1.00000 | 
    281.38428 |      32.36181 |      32.36181 |       0.00000 |      20.29538 |      12.29538 |       0.52101 |      77.30253 |      76.60783 |      78.39380 |      80.13493 |      88.95816 |      90.21397 |      92.36408 |      -0.11900 |      -0.00544 |       0.00000 |       0.00000 |       0.00000 |       0.00000 |       0.00000 |       0.00000 |       0.00000 |      -0.13479 |       0.00264 |       0.00623 |       0.00000 |       0.00000 |       0.00000 |       0.00000 |       0.33333 |       0.33333 |       0.00000 |       0.00000 |       0.00000 |      -2.51200 |      -1.16932 |     180.42790 |     165.07562 |       0.78955 |       0.18663 |     180.63719 |      -3.22689 |       0.19855 |      47.50642 |    -122.30824 |    1566.55310 |    1321.68152 |       1.00000 |    1574.82813 |      47.50000 |    -122.00000 |       0.14070 |       1.00000 | 
    281.53397 |      32.46231 |      32.46231 |       0.00000 |      20.29541 |      12.29541 |       0.52104 |      77.23211 |      76.53033 |      78.31358 |      80.05521 |      88.87713 |      90.12167 |      92.27154 |      -0.14914 |      -0.00380 |       0.00000 |       0.00000 |       0.00000 |       0.00000 |       0.00000 |       0.00000 |       0.00000 |      -0.16407 |       0.00407 |       0.00631 |       0.00000 |       0.00000 |       0.00000 |       0.00000 |       0.33333 |       0.33333 |       0.00000 |       0.00000 |       0.00000 |      -2.51970 |      -1.16283 |     180.37575 |     165.02348 |       0.77515 |       0.15842 |     180.61385 |      -3.21971 |       0.19856 |      47.50639 |    -122.30824 |    1565.78833 |    1320.62195 |       1.00000 |    1573.96472 |      47.50000 |    -122.00000 |       0.14070 |       1.00000 | 
    281.67285 |      32.56281 |      32.56281 |       0.00000 |      20.29543 |      12.29543 |       0.52106 |      77.16081 |      76.45351 |      78.23409 |      79.97567 |      88.79508 |      90.03018 |      92.17980 |      -0.14195 |       0.00186 |       0.00000 |       0.00000 |       0.00000 |       0.00000 |       0.00000 |       0.00000 |       0.00000 |      -0.15545 |       0.00950 |       0.00634 |       0.00000 |       0.00000 |       0.00000 |       0.00000 |       0.33333 |       0.33333 |       0.00000 |       0.00000 |       0.00000 |      -2.54029 |      -1.14736 |     180.32253 |     164.97026 |       0.75449 |       0.12977 |     180.58968 |      -3.21898 |       0.19612 |      47.50635 |    -122.30824 |    1565.02515 |    1319.56824 |       1.00000 |    1573.11194 |      47.50000 |    -122.00000 |       0.14070 |       1.00000 | 
    281.81403 |      32.66332 |      32.66332 |       0.00000 |      20.29546 |      12.29546 |       0.52109 |      77.08877 |      76.37778 |      78.15572 |      79.89647 |      88.71217 |      89.94000 |      92.08933 |      -0.12490 |       0.00713 |       0.00000 |       0.00000 |       0.00000 |       0.00000 |       0.00000 |       0.00000 |       0.00000 |      -0.13869 |       0.01451 |       0.00631 |       0.00000 |       0.00000 |       0.00000 |       0.00000 |       0.33333 |       0.33333 |       0.00000 |       0.00000 |       0.00000 |      -2.55950 |      -1.12177 |     180.26991 |     164.91766 |       0.74513 |       0.10236 |     180.56496 |      -3.22797 |       0.19136 |      47.50631 |    -122.30824 |    1564.26147 |    1318.57202 |       1.00000 |    1572.26917 |      47.50000 |    -122.00000 |       0.14070 |       1.00000 | 
    281.88397 |      32.71357 |      32.71357 |       0.00000 |      20.29548 |      12.29548 |       0.52111 |      77.05250 |      76.34029 |      78.11692 |      79.85709 |      88.67043 |      89.89535 |      92.04453 |      -0.12345 |       0.01302 |       0.00000 |       0.00000 |       0.00000 |       0.00000 |       0.00000 |       0.00000 |       0.00000 |      -0.13788 |       0.02020 |       0.00628 |       0.00000 |       0.00000 |       0.00000 |       0.00000 |       0.33333 |       0.33333 |       0.00000 |       0.00000 |       0.00000 |      -2.56420 |      -1.10295 |     180.24434 |     164.89209 |       0.74734 |       0.08956 |     180.55249 |      -3.23441 |       0.18821 |      47.50629 |    -122.30824 |    1563.87891 |    1318.08105 |       1.00000 |    1571.85132 |      47.50000 |    -122.00000 |       0.14070 |       1.00000 | 
    282.03403 |      32.81407 |      32.81407 |       0.00000 |      20.29550 |      12.29550 |       0.52113 |      76.97955 |      76.26574 |      78.03973 |      79.77897 |      88.58649 |      89.80653 |      91.95542 |      -0.15535 |       0.01482 |       0.00000 |       0.00000 |       0.00000 |       0.00000 |       0.00000 |       0.00000 |       0.00000 |      -0.16925 |       0.02166 |       0.00620 |       0.00000 |       0.00000 |       0.00000 |       0.00000 |       0.33333 |       0.33333 |       0.00000 |       0.00000 |       0.00000 |      -2.57491 |      -1.05460 |     180.19583 |     164.84358 |       0.74774 |       0.06645 |     180.52750 |      -3.24471 |       0.18051 |      47.50626 |    -122.30824 |    1563.11230 |    1317.10388 |       1.00000 |    1571.02197 |      47.50000 |    -122.00000 |       0.14070 |       1.00000 | 
    282.17896 |      32.91457 |      32.91457 |       0.00000 |      20.29553 |      12.29553 |       0.52116 |      76.90619 |      76.19183 |      77.96323 |      79.70173 |      88.50207 |      89.71848 |      91.86710 |      -0.20658 |       0.00575 |       0.00000 |       0.00000 |       0.00000 |       0.00000 |       0.00000 |       0.00000 |       0.00000 |      -0.21507 |       0.01292 |       0.00608 |       0.00000 |       0.00000 |       0.00000 |       0.00000 |       0.33333 |       0.33333 |       0.00000 |       0.00000 |       0.00000 |      -2.62897 |      -1.01697 |     180.15266 |     164.80043 |       0.70213 |       0.04777 |     180.50269 |      -3.25256 |       0.17126 |      47.50622 |    -122.30824 |    1562.34460 |    1316.10913 |       1.00000 |    1570.20068 |      47.50000 |    -122.00000 |       0.14070 |       1.00000 | 
    282.32074 |      33.01508 |      33.01508 |       0.00000 |      20.29556 |      12.29556 |       0.52119 |      76.83257 |      76.12029 |      77.88914 |      79.62530 |      88.41734 |      89.63322 |      91.78151 |      -0.19417 |       0.00575 |       0.00000 |       0.00000 |       0.00000 |       0.00000 |       0.00000 |       0.00000 |       0.00000 |      -0.19806 |       0.01306 |       0.00595 |       0.00000 |       0.00000 |       0.00000 |       0.00000 |       0.33333 |       0.33333 |       0.00000 |       0.00000 |       0.00000 |      -2.72872 |      -0.98699 |     180.11539 |     164.76315 |       0.63083 |       0.03405 |     180.47856 |      -3.28005 |       0.16133 |      47.50618 |    -122.30824 |    1561.57312 |    1315.03894 |       1.00000 |    1569.38672 |      47.50000 |    -122.00000 |       0.14070 |       1.00000 | 
    282.46478 |      33.11558 |      33.11558 |       0.00000 |      20.29559 |      12.29559 |       0.52122 |      76.75889 |      76.05215 |      77.81853 |      79.55029 |      88.33256 |      89.55196 |      91.69987 |      -0.16058 |       0.00514 |       0.00000 |       0.00000 |       0.00000 |       0.00000 |       0.00000 |       0.00000 |       0.00000 |      -0.16282 |       0.01248 |       0.00582 |       0.00000 |       0.00000 |       0.00000 |       0.00000 |       0.33333 |       0.33333 |       0.00000 |       0.00000 |       0.00000 |      -2.83983 |      -0.95880 |     180.08362 |     164.73140 |       0.57331 |       0.02532 |     180.45517 |      -3.33218 |       0.15106 |      47.50615 |    -122.30824 |    1560.79224 |    1313.95264 |       1.00000 |    1568.57910 |      47.50000 |    -122.00000 |       0.14070 |       1.00000 | 
    282.60791 |      33.21608 |      33.21608 |       0.00000 |      20.29562 |      12.29562 |       0.52125 |      76.68536 |      75.98743 |      77.75140 |      79.47742 |      88.24794 |      89.47472 |      91.62222 |      -0.15387 |       0.00335 |       0.00000 |       0.00000 |       0.00000 |       0.00000 |       0.00000 |       0.00000 |       0.00000 |      -0.15727 |       0.01076 |       0.00568 |       0.00000 |       0.00000 |       0.00000 |       0.00000 |       0.33333 |       0.33333 |       0.00000 |       0.00000 |       0.00000 |      -2.93231 |      -0.93319 |     180.05708 |     164.70486 |       0.55001 |       0.02173 |     180.43251 |      -3.39960 |       0.14085 |      47.50611 |    -122.30824 |    1559.99731 |    1312.85706 |       1.00000 |    1567.77649 |      47.50000 |    -122.00000 |       0.14070 |       1.00000 | 
    282.75879 |      33.31658 |      33.31658 |       0.00000 |      20.29564 |      12.29564 |       0.52127 |      76.61227 |      75.92565 |      77.68726 |      79.40707 |      88.16383 |      89.40090 |      91.54802 |      -0.15387 |       0.00040 |       0.00000 |       0.00000 |       0.00000 |       0.00000 |       0.00000 |       0.00000 |       0.00000 |      -0.15884 |       0.00794 |       0.00554 |       0.00000 |       0.00000 |       0.00000 |       0.00000 |       0.33333 |       0.33333 |       0.00000 |       0.00000 |       0.00000 |      -3.00459 |      -0.91268 |     180.03584 |     164.68364 |       0.55145 |       0.02319 |     180.41051 |      -3.47155 |       0.13117 |      47.50607 |    -122.30824 |    1559.18628 |    1311.75000 |       1.00000 |    1566.97754 |      47.50000 |    -122.00000 |       0.14070 |       1.00000 | 
    282.83578 |      33.36683 |      33.36683 |       0.00000 |      20.29566 |      12.29566 |       0.52129 |      76.57597 |      75.89577 |      77.65623 |      79.37284 |      88.12205 |      89.36519 |      91.51208 |      -0.15225 |       0.00001 |       0.00000 |       0.00000 |       0.00000 |       0.00000 |       0.00000 |       0.00000 |       0.00000 |      -0.15803 |       0.00759 |       0.00547 |       0.00000 |       0.00000 |       0.00000 |       0.00000 |       0.33333 |       0.33333 |       0.00000 |       0.00000 |       0.00000 |      -3.03440 |      -0.90398 |     180.02718 |     164.67497 |       0.55859 |       0.02573 |     180.39977 |      -3.50764 |       0.12668 |      47.50605 |    -122.30824 |    1558.77466 |    1311.23193 |       1.00000 |    1566.57898 |      47.50000 |    -122.00000 |       0.14070 |       1.00000 | 
    282.98245 |      33.46734 |      33.46734 |       0.00000 |      20.29569 |      12.29569 |       0.52132 |      76.50397 |      75.83775 |      77.59589 |      79.30629 |      88.03921 |      89.29576 |      91.44227 |      -0.15225 |       0.00001 |       0.00000 |       0.00000 |       0.00000 |       0.00000 |       0.00000 |       0.00000 |       0.00000 |      -0.15951 |       0.00761 |       0.00535 |       0.00000 |       0.00000 |       0.00000 |       0.00000 |       0.33333 |       0.33333 |       0.00000 |       0.00000 |       0.00000 |      -3.08432 |      -0.88719 |     180.01332 |     164.66113 |       0.58028 |       0.03381 |     180.37881 |      -3.57763 |       0.11863 |      47.50602 |    -122.30824 |    1557.93945 |    1310.15857 |       1.00000 |    1565.78247 |      47.50000 |    -122.00000 |       0.14070 |       1.00000 | 
    283.05374 |      33.51759 |      33.51759 |       0.00000 |      20.29570 |      12.29570 |       0.52133 |      76.46835 |      75.80956 |      77.56656 |      79.27394 |      87.99821 |      89.26201 |      91.40831 |      -0.15225 |       0.00001 |       0.00000 |       0.00000 |       0.00000 |       0.00000 |       0.00000 |       0.00000 |       0.00000 |      -0.16012 |       0.00760 |       0.00530 |       0.00000 |       0.00000 |       0.00000 |       0.00000 |       0.33333 |       0.33333 |       0.00000 |       0.00000 |       0.00000 |      -3.10584 |      -0.87868 |     180.00793 |     164.65575 |       0.59298 |       0.03912 |     180.36861 |      -3.61106 |       0.11512 |      47.50600 |    -122.30824 |    1557.51599 |    1309.64734 |       1.00000 |    1565.38428 |      47.50000 |    -122.00000 |       0.14070 |       1.00000 | 
    283.19910 |      33.61809 |      33.61809 |       0.00000 |      20.29573 |      12.29573 |       0.52136 |      76.39796 |      75.75464 |      77.50939 |      79.21096 |      87.91720 |      89.19622 |      91.34215 |      -0.15068 |      -0.00045 |       0.00000 |       0.00000 |       0.00000 |       0.00000 |       0.00000 |       0.00000 |       0.00000 |      -0.15962 |       0.00714 |       0.00521 |       0.00000 |       0.00000 |       0.00000 |       0.00000 |       0.33333 |       0.33333 |       0.00000 |       0.00000 |       0.00000 |      -3.14411 |      -0.86176 |     179.99951 |     164.64734 |       0.61967 |       0.05150 |     180.34885 |      -3.67461 |       0.10921 |      47.50596 |    -122.30824 |    1556.65833 |    1308.55457 |       1.00000 |    1564.58655 |      47.50000 |    -122.00000 |       0.14070 |       1.00000 | 
    283.27069 |      33.66834 |      33.66834 |       0.00000 |      20.29574 |      12.29574 |       0.52137 |      76.36320 |      75.72787 |      77.48151 |      79.18032 |      87.87721 |      89.16414 |      91.30989 |      -0.15110 |      -0.00045 |       0.00000 |       0.00000 |       0.00000 |       0.00000 |       0.00000 |       0.00000 |       0.00000 |      -0.16042 |       0.00714 |       0.00518 |       0.00000 |       0.00000 |       0.00000 |       0.00000 |       0.33333 |       0.33333 |       0.00000 |       0.00000 |       0.00000 |      -3.16197 |      -0.85313 |     179.99622 |     164.64404 |       0.63239 |       0.05822 |     180.33929 |      -3.70453 |       0.10684 |      47.50594 |    -122.30824 |    1556.22437 |    1308.01550 |       1.00000 |    1564.18652 |      47.50000 |    -122.00000 |       0.14070 |       1.00000 | 
    283.42523 |      33.76884 |      33.76884 |       0.00000 |      20.29577 |      12.29577 |       0.52140 |      76.29473 |      75.67567 |      77.42711 |      79.12061 |      87.79841 |      89.10153 |      91.24694 |      -0.14814 |      -0.00045 |       0.00000 |       0.00000 |       0.00000 |       0.00000 |       0.00000 |       0.00000 |       0.00000 |      -0.15818 |       0.00712 |       0.00515 |       0.00000 |       0.00000 |       0.00000 |       0.00000 |       0.33333 |       0.33333 |       0.00000 |       0.00000 |       0.00000 |      -3.19580 |      -0.83530 |     179.99065 |     164.63849 |       0.65683 |       0.07193 |     180.32088 |      -3.76153 |       0.10323 |      47.50591 |    -122.30824 |    1555.34668 |    1306.84802 |       1.00000 |    1563.38379 |      47.50000 |    -122.00000 |       0.14070 |       1.00000 | 
    283.56381 |      33.86935 |      33.86935 |       0.00000 |      20.29580 |      12.29580 |       0.52143 |      76.22767 |      75.62515 |      77.37440 |      79.06287 |      87.72124 |      89.04088 |      91.18595 |      -0.14814 |      -0.00045 |       0.00000 |       0.00000 |       0.00000 |       0.00000 |       0.00000 |       0.00000 |       0.00000 |      -0.15860 |       0.00710 |       0.00514 |       0.00000 |       0.00000 |       0.00000 |       0.00000 |       0.33333 |       0.33333 |       0.00000 |       0.00000 |       0.00000 |      -3.22925 |      -0.81671 |     179.98546 |     164.63330 |       0.67760 |       0.08504 |     180.30334 |      -3.81457 |       0.10103 |      47.50587 |    -122.30824 |    1554.45691 |    1305.66638 |       1.00000 |    1562.57593 |      47.50000 |    -122.00000 |       0.14070 |       1.00000 | 
    283.63309 |      33.91960 |      33.91960 |       0.00000 |      20.29581 |      12.29581 |       0.52144 |      76.19469 |      75.60051 |      77.34868 |      79.03472 |      87.68329 |      89.01128 |      91.15618 |      -0.14814 |      -0.00045 |       0.00000 |       0.00000 |       0.00000 |       0.00000 |       0.00000 |       0.00000 |       0.00000 |      -0.15871 |       0.00709 |       0.00515 |       0.00000 |       0.00000 |       0.00000 |       0.00000 |       0.33333 |       0.33333 |       0.00000 |       0.00000 |       0.00000 |      -3.24659 |      -0.80716 |     179.98268 |     164.63052 |       0.68620 |       0.09104 |     180.29492 |      -3.83993 |       0.10040 |      47.50585 |    -122.30824 |    1554.00769 |    1305.04504 |       1.00000 |    1562.16980 |      47.50000 |    -122.00000 |       0.14070 |       1.00000 | 
    283.72534 |      33.96985 |      33.96985 |       0.00000 |      20.29583 |      12.29583 |       0.52145 |      76.16211 |      75.57626 |      77.32336 |      79.00703 |      87.64579 |      88.98213 |      91.12689 |      -0.14814 |      -0.00045 |       0.00000 |       0.00000 |       0.00000 |       0.00000 |       0.00000 |       0.00000 |       0.00000 |      -0.15875 |       0.00708 |       0.00516 |       0.00000 |       0.00000 |       0.00000 |       0.00000 |       0.33333 |       0.33333 |       0.00000 |       0.00000 |       0.00000 |      -3.26460 |      -0.79746 |     179.97964 |     164.62749 |       0.69356 |       0.09652 |     180.28670 |      -3.86471 |       0.10004 |      47.50583 |    -122.30824 |    1553.55566 |    1304.45251 |       1.00000 |    1561.76221 |      47.50000 |    -122.00000 |       0.14070 |       1.00000 | 
    283.81653 |      34.02010 |      34.02010 |       0.00000 |      20.29584 |      12.29584 |       0.52147 |      76.12992 |      75.55244 |      77.29846 |      78.97977 |      87.60875 |      88.95348 |      91.09808 |      -0.14814 |      -0.00045 |       0.00000 |       0.00000 |       0.00000 |       0.00000 |       0.00000 |       0.00000 |       0.00000 |      -0.15875 |       0.00708 |       0.00518 |       0.00000 |       0.00000 |       0.00000 |       0.00000 |       0.33333 |       0.33333 |       0.00000 |       0.00000 |       0.00000 |      -3.28342 |      -0.78763 |     179.97623 |     164.62408 |       0.69968 |       0.10140 |     180.27867 |      -3.88909 |       0.09991 |      47.50582 |    -122.30824 |    1553.10095 |    1303.85364 |       1.00000 |    1561.35278 |      47.50000 |    -122.00000 |       0.14070 |       1.00000 | 
    283.96677 |      34.12060 |      34.12060 |       0.00000 |      20.29587 |      12.29587 |       0.52150 |      76.06674 |      75.50605 |      77.24997 |      78.92654 |      87.53605 |      88.89768 |      91.04197 |      -0.14134 |      -0.00045 |       0.00000 |       0.00000 |       0.00000 |       0.00000 |       0.00000 |       0.00000 |       0.00000 |      -0.15213 |       0.00707 |       0.00522 |       0.00000 |       0.00000 |       0.00000 |       0.00000 |       0.33333 |       0.33333 |       0.00000 |       0.00000 |       0.00000 |      -3.32199 |      -0.76769 |     179.96794 |     164.61580 |       0.71089 |       0.10914 |     180.26321 |      -3.93768 |       0.10022 |      47.50578 |    -122.30824 |    1552.18347 |    1302.66833 |       1.00000 |    1560.52820 |      47.50000 |    -122.00000 |       0.14070 |       1.00000 | 
    284.10623 |      34.22111 |      34.22111 |       0.00000 |      20.29589 |      12.29590 |       0.52152 |      76.00523 |      75.46137 |      77.20320 |      78.87498 |      87.46526 |      88.84386 |      90.98785 |      -0.13027 |      -0.00045 |       0.00000 |       0.00000 |       0.00000 |       0.00000 |       0.00000 |       0.00000 |       0.00000 |      -0.14214 |       0.00707 |       0.00528 |       0.00000 |       0.00000 |       0.00000 |       0.00000 |       0.33333 |       0.33333 |       0.00000 |       0.00000 |       0.00000 |      -3.35443 |      -0.74749 |     179.95735 |     164.60522 |       0.72841 |       0.11391 |     180.24840 |      -3.98642 |       0.10103 |      47.50574 |    -122.30824 |    1551.25513 |    1301.50403 |       1.00000 |    1559.69556 |      47.50000 |    -122.00000 |       0.14070 |       1.00000 | 
    284.24310 |      34.32161 |      34.32161 |       0.00000 |      20.29592 |      12.29592 |       0.52155 |      75.94537 |      75.41814 |      77.15790 |      78.82510 |      87.39638 |      88.79173 |      90.93544 |      -0.12252 |      -0.00045 |       0.00000 |       0.00000 |       0.00000 |       0.00000 |       0.00000 |       0.00000 |       0.00000 |      -0.13604 |       0.00707 |       0.00534 |       0.00000 |       0.00000 |       0.00000 |       0.00000 |       0.33333 |       0.33333 |       0.00000 |       0.00000 |       0.00000 |      -3.37518 |      -0.72720 |     179.94427 |     164.59215 |       0.75504 |       0.11581 |     180.23412 |      -4.03258 |       0.10206 |      47.50571 |    -122.30824 |    1550.31616 |    1300.37390 |       1.00000 |    1558.85425 |      47.50000 |    -122.00000 |       0.14070 |       1.00000 | 
    284.37830 |      34.42211 |      34.42211 |       0.00000 |      20.29595 |      12.29595 |       0.52158 |      75.88716 |      75.37602 |      77.11374 |      78.77683 |      87.32939 |      88.74091 |      90.88435 |      -0.11699 |      -0.00045 |       0.00000 |       0.00000 |       0.00000 |       0.00000 |       0.00000 |       0.00000 |       0.00000 |      -0.13226 |       0.00707 |       0.00539 |       0.00000 |       0.00000 |       0.00000 |       0.00000 |       0.33333 |       0.33333 |       0.00000 |       0.00000 |       0.00000 |      -3.38424 |      -0.70696 |     179.92894 |     164.57683 |       0.78797 |       0.11509 |     180.22021 |      -4.07345 |       0.10304 |      47.50567 |    -122.30824 |    1549.36780 |    1299.19055 |       1.00000 |    1558.00366 |      47.50000 |    -122.00000 |       0.14070 |       1.00000 | 
    284.51379 |      34.52261 |      34.52261 |       0.00000 |      20.29598 |      12.29598 |       0.52161 |      75.83057 |      75.33478 |      77.07046 |      78.72993 |      87.26427 |      88.69110 |      90.83430 |      -0.09687 |      -0.00078 |       0.00000 |       0.00000 |       0.00000 |       0.00000 |       0.00000 |       0.00000 |       0.00000 |      -0.11494 |       0.00675 |       0.00543 |       0.00000 |       0.00000 |       0.00000 |       0.00000 |       0.33333 |       0.33333 |       0.00000 |       0.00000 |       0.00000 |      -3.37652 |      -0.68707 |     179.91162 |     164.55951 |       0.83250 |       0.11221 |     180.20660 |      -4.10924 |       0.10378 |      47.50563 |    -122.30824 |    1548.41125 |    1297.96362 |       1.00000 |    1557.14380 |      47.50000 |    -122.00000 |       0.14070 |       1.00000 | 
    284.65189 |      34.62312 |      34.62312 |       0.00000 |      20.29601 |      12.29601 |       0.52164 |      75.77560 |      75.29385 |      77.02747 |      78.68428 |      87.20100 |      88.64164 |      90.78461 |      -0.09116 |      -0.00192 |       0.00000 |       0.00000 |       0.00000 |       0.00000 |       0.00000 |       0.00000 |       0.00000 |      -0.11246 |       0.00569 |       0.00546 |       0.00000 |       0.00000 |       0.00000 |       0.00000 |       0.33333 |       0.33333 |       0.00000 |       0.00000 |       0.00000 |      -3.34688 |      -0.66956 |     179.89291 |     164.54082 |       0.88903 |       0.10792 |     180.19315 |      -4.13532 |       0.10412 |      47.50560 |    -122.30824 |    1547.44800 |    1296.71680 |       1.00000 |    1556.27417 |      47.50000 |    -122.00000 |       0.14070 |       1.00000 | 
    284.81644 |      34.72362 |      34.72362 |       0.00000 |      20.29604 |      12.29603 |       0.52166 |      75.72211 |      75.25260 |      76.98418 |      78.63963 |      87.13946 |      88.59182 |      90.73460 |      -0.08999 |      -0.00345 |       0.00000 |       0.00000 |       0.00000 |       0.00000 |       0.00000 |       0.00000 |       0.00000 |      -0.11373 |       0.00425 |       0.00547 |       0.00000 |       0.00000 |       0.00000 |       0.00000 |       0.33333 |       0.33333 |       0.00000 |       0.00000 |       0.00000 |      -3.30287 |      -0.65553 |     179.87354 |     164.52144 |       0.94665 |       0.10298 |     180.17975 |      -4.14844 |       0.10402 |      47.50556 |    -122.30824 |    1546.48120 |    1295.42419 |       1.00000 |    1555.39514 |      47.50000 |    -122.00000 |       0.14070 |       1.00000 | 
    284.88422 |      34.77387 |      34.77387 |       0.00000 |      20.29605 |      12.29605 |       0.52168 |      75.69591 |      75.23174 |      76.96229 |      78.61753 |      87.10930 |      88.56663 |      90.70932 |      -0.08999 |      -0.00345 |       0.00000 |       0.00000 |       0.00000 |       0.00000 |       0.00000 |       0.00000 |       0.00000 |      -0.11459 |       0.00427 |       0.00547 |       0.00000 |       0.00000 |       0.00000 |       0.00000 |       0.33333 |       0.33333 |       0.00000 |       0.00000 |       0.00000 |      -3.27825 |      -0.64921 |     179.86383 |     164.51175 |       0.97325 |       0.10046 |     180.17303 |      -4.15029 |       0.10381 |      47.50554 |    -122.30824 |    1545.99744 |    1294.80505 |       1.00000 |    1554.95215 |      47.50000 |    -122.00000 |       0.14070 |       1.00000 | 
    285.03311 |      34.87437 |      34.87437 |       0.00000 |      20.29608 |      12.29608 |       0.52171 |      75.64442 |      75.18937 |      76.91785 |      78.57353 |      87.05005 |      88.51549 |      90.65804 |      -0.09193 |      -0.00345 |       0.00000 |       0.00000 |       0.00000 |       0.00000 |       0.00000 |       0.00000 |       0.00000 |      -0.11756 |       0.00428 |       0.00546 |       0.00000 |       0.00000 |       0.00000 |       0.00000 |       0.33333 |       0.33333 |       0.00000 |       0.00000 |       0.00000 |      -3.22851 |      -0.63707 |     179.84465 |     164.49257 |       1.01855 |       0.09558 |     180.15961 |      -4.14580 |       0.10309 |      47.50550 |    -122.30824 |    1545.03052 |    1293.55090 |       1.00000 |    1554.05933 |      47.50000 |    -122.00000 |       0.14070 |       1.00000 | 
    285.17175 |      34.97488 |      34.97488 |       0.00000 |      20.29610 |      12.29610 |       0.52173 |      75.59407 |      75.14612 |      76.87250 |      78.52945 |      86.99210 |      88.46329 |      90.60572 |      -0.09193 |      -0.00285 |       0.00000 |       0.00000 |       0.00000 |       0.00000 |       0.00000 |       0.00000 |       0.00000 |      -0.11784 |       0.00487 |       0.00545 |       0.00000 |       0.00000 |       0.00000 |       0.00000 |       0.33333 |       0.33333 |       0.00000 |       0.00000 |       0.00000 |      -3.18311 |      -0.62493 |     179.82608 |     164.47401 |       1.05111 |       0.09112 |     180.14621 |      -4.13311 |       0.10203 |      47.50547 |    -122.30824 |    1544.06653 |    1292.35938 |       1.00000 |    1553.15784 |      47.50000 |    -122.00000 |       0.14070 |       1.00000 | 
    285.30801 |      35.07538 |      35.07538 |       0.00000 |      20.29613 |      12.29613 |       0.52176 |      75.54469 |      75.10203 |      76.82630 |      78.48502 |      86.93528 |      88.41013 |      90.55245 |      -0.09193 |      -0.00285 |       0.00000 |       0.00000 |       0.00000 |       0.00000 |       0.00000 |       0.00000 |       0.00000 |      -0.11770 |       0.00486 |       0.00543 |       0.00000 |       0.00000 |       0.00000 |       0.00000 |       0.33333 |       0.33333 |       0.00000 |       0.00000 |       0.00000 |      -3.14440 |      -0.61214 |     179.80832 |     164.45625 |       1.07201 |       0.08721 |     180.13290 |      -4.11557 |       0.10068 |      47.50543 |    -122.30824 |    1543.10669 |    1291.20276 |       1.00000 |    1552.24854 |      47.50000 |    -122.00000 |       0.14070 |       1.00000 | 
    285.37686 |      35.12563 |      35.12563 |       0.00000 |      20.29615 |      12.29615 |       0.52178 |      75.52032 |      75.07970 |      76.80291 |      78.46263 |      86.90724 |      88.38321 |      90.52551 |      -0.09364 |      -0.00285 |       0.00000 |       0.00000 |       0.00000 |       0.00000 |       0.00000 |       0.00000 |       0.00000 |      -0.11915 |       0.00486 |       0.00542 |       0.00000 |       0.00000 |       0.00000 |       0.00000 |       0.33333 |       0.33333 |       0.00000 |       0.00000 |       0.00000 |      -3.12808 |      -0.60573 |     179.79977 |     164.44771 |       1.07832 |       0.08550 |     180.12631 |      -4.10572 |       0.09992 |      47.50541 |    -122.30824 |    1542.62878 |    1290.60913 |       1.00000 |    1551.79114 |      47.50000 |    -122.00000 |       0.14070 |       1.00000 | 
    285.53687 |      35.22613 |      35.22613 |       0.00000 |      20.29618 |      12.29617 |       0.52180 |      75.47209 |      75.03460 |      76.75570 |      78.41742 |      86.85174 |      88.32889 |      90.47109 |      -0.09364 |      -0.00285 |       0.00000 |       0.00000 |       0.00000 |       0.00000 |       0.00000 |       0.00000 |       0.00000 |      -0.11854 |       0.00486 |       0.00540 |       0.00000 |       0.00000 |       0.00000 |       0.00000 |       0.33333 |       0.33333 |       0.00000 |       0.00000 |       0.00000 |      -3.10176 |      -0.59294 |     179.78342 |     164.43137 |       1.08436 |       0.08254 |     180.11325 |      -4.08576 |       0.09828 |      47.50538 |    -122.30824 |    1541.67664 |    1289.43225 |       1.00000 |    1550.87146 |      47.50000 |    -122.00000 |       0.14070 |       1.00000 | 
    285.67441 |      35.32663 |      35.32663 |       0.00000 |      20.29620 |      12.29620 |       0.52183 |      75.42445 |      74.98908 |      76.70805 |      78.37164 |      86.79691 |      88.27406 |      90.41616 |      -0.09364 |      -0.00285 |       0.00000 |       0.00000 |       0.00000 |       0.00000 |       0.00000 |       0.00000 |       0.00000 |      -0.11791 |       0.00486 |       0.00538 |       0.00000 |       0.00000 |       0.00000 |       0.00000 |       0.33333 |       0.33333 |       0.00000 |       0.00000 |       0.00000 |      -3.08270 |      -0.58022 |     179.76801 |     164.41595 |       1.08432 |       0.08027 |     180.10045 |      -4.06700 |       0.09653 |      47.50534 |    -122.30824 |    1540.72961 |    1288.19373 |       1.00000 |    1549.94653 |      47.50000 |    -122.00000 |       0.14070 |       1.00000 | 
    285.83304 |      35.42714 |      35.42714 |       0.00000 |      20.29623 |      12.29623 |       0.52186 |      75.37730 |      74.94331 |      76.66016 |      78.32536 |      86.74265 |      88.21895 |      90.36093 |      -0.09364 |      -0.00230 |       0.00000 |       0.00000 |       0.00000 |       0.00000 |       0.00000 |       0.00000 |       0.00000 |      -0.11734 |       0.00538 |       0.00535 |       0.00000 |       0.00000 |       0.00000 |       0.00000 |       0.33333 |       0.33333 |       0.00000 |       0.00000 |       0.00000 |      -3.06933 |      -0.56675 |     179.75352 |     164.40149 |       1.08098 |       0.07858 |     180.08791 |      -4.05055 |       0.09474 |      47.50531 |    -122.30824 |    1539.78711 |    1286.95862 |       1.00000 |    1549.01746 |      47.50000 |    -122.00000 |       0.14070 |       1.00000 | 
    285.98788 |      35.52764 |      35.52764 |       0.00000 |      20.29626 |      12.29626 |       0.52189 |      75.33049 |      74.89741 |      76.61214 |      78.27868 |      86.68878 |      88.16369 |      90.30557 |      -0.09244 |      -0.00230 |       0.00000 |       0.00000 |       0.00000 |       0.00000 |       0.00000 |       0.00000 |       0.00000 |      -0.11580 |       0.00537 |       0.00533 |       0.00000 |       0.00000 |       0.00000 |       0.00000 |       0.33333 |       0.33333 |       0.00000 |       0.00000 |       0.00000 |      -3.05944 |      -0.55291 |     179.73991 |     164.38789 |       1.07721 |       0.07744 |     180.07570 |      -4.03709 |       0.09295 |      47.50527 |    -122.30824 |    1538.84863 |    1285.71448 |       1.00000 |    1548.08484 |      47.50000 |    -122.00000 |       0.14070 |       1.00000 | 
    286.12485 |      35.62814 |      35.62814 |       0.00000 |      20.29629 |      12.29629 |       0.52192 |      75.28396 |      74.85146 |      76.56409 |      78.23167 |      86.63524 |      88.10838 |      90.25016 |      -0.09110 |      -0.00230 |       0.00000 |       0.00000 |       0.00000 |       0.00000 |       0.00000 |       0.00000 |       0.00000 |      -0.11433 |       0.00537 |       0.00531 |       0.00000 |       0.00000 |       0.00000 |       0.00000 |       0.33333 |       0.33333 |       0.00000 |       0.00000 |       0.00000 |      -3.05080 |      -0.53898 |     179.72711 |     164.37509 |       1.07504 |       0.07677 |     180.06383 |      -4.02642 |       0.09120 |      47.50523 |    -122.30824 |    1537.91345 |    1284.48413 |       1.00000 |    1547.14966 |      47.50000 |    -122.00000 |       0.14070 |       1.00000 | 
    286.25967 |      35.72865 |      35.72865 |       0.00000 |      20.29631 |      12.29631 |       0.52194 |      75.23763 |      74.80550 |      76.51601 |      78.18444 |      86.58192 |      88.05306 |      90.19473 |      -0.09110 |      -0.00230 |       0.00000 |       0.00000 |       0.00000 |       0.00000 |       0.00000 |       0.00000 |       0.00000 |      -0.11426 |       0.00537 |       0.00529 |       0.00000 |       0.00000 |       0.00000 |       0.00000 |       0.33333 |       0.33333 |       0.00000 |       0.00000 |       0.00000 |      -3.04260 |      -0.52502 |     179.71509 |     164.36308 |       1.07460 |       0.07653 |     180.05231 |      -4.01785 |       0.08952 |      47.50520 |    -122.30824 |    1536.98096 |    1283.32898 |       1.00000 |    1546.21277 |      47.50000 |    -122.00000 |       0.14070 |       1.00000 | 
    286.39386 |      35.82915 |      35.82915 |       0.00000 |      20.29634 |      12.29634 |       0.52197 |      75.19147 |      74.75957 |      76.46798 |      78.13710 |      86.52880 |      87.99778 |      90.13935 |      -0.09110 |      -0.00230 |       0.00000 |       0.00000 |       0.00000 |       0.00000 |       0.00000 |       0.00000 |       0.00000 |      -0.11422 |       0.00536 |       0.00528 |       0.00000 |       0.00000 |       0.00000 |       0.00000 |       0.33333 |       0.33333 |       0.00000 |       0.00000 |       0.00000 |      -3.03477 |      -0.51103 |     179.70380 |     164.35179 |       1.07550 |       0.07666 |     180.04115 |      -4.01098 |       0.08795 |      47.50516 |    -122.30824 |    1536.05078 |    1282.18274 |       1.00000 |    1545.27502 |      47.50000 |    -122.00000 |       0.14070 |       1.00000 | 
    286.54678 |      35.92965 |      35.92965 |       0.00000 |      20.29637 |      12.29637 |       0.52200 |      75.14540 |      74.71369 |      76.42001 |      78.08966 |      86.47578 |      87.94257 |      90.08403 |      -0.09110 |      -0.00230 |       0.00000 |       0.00000 |       0.00000 |       0.00000 |       0.00000 |       0.00000 |       0.00000 |      -0.11419 |       0.00536 |       0.00526 |       0.00000 |       0.00000 |       0.00000 |       0.00000 |       0.33333 |       0.33333 |       0.00000 |       0.00000 |       0.00000 |      -3.02745 |      -0.49699 |     179.69312 |     164.34113 |       1.07735 |       0.07703 |     180.03036 |      -4.00552 |       0.08650 |      47.50512 |    -122.30824 |    1535.12256 |    1281.03320 |       1.00000 |    1544.33679 |      47.50000 |    -122.00000 |       0.14070 |       1.00000 | 
    286.70279 |      36.03015 |      36.03015 |       0.00000 |      20.29640 |      12.29640 |       0.52203 |      75.09939 |      74.66792 |      76.37213 |      78.04221 |      86.42284 |      87.88748 |      90.02882 |      -0.09110 |      -0.00230 |       0.00000 |       0.00000 |       0.00000 |       0.00000 |       0.00000 |       0.00000 |       0.00000 |      -0.11416 |       0.00536 |       0.00525 |       0.00000 |       0.00000 |       0.00000 |       0.00000 |       0.33333 |       0.33333 |       0.00000 |       0.00000 |       0.00000 |      -3.02080 |      -0.48289 |     179.68298 |     164.33099 |       1.07979 |       0.07755 |     180.01997 |      -4.00129 |       0.08518 |      47.50508 |    -122.30824 |    1534.19604 |    1279.88306 |       1.00000 |    1543.39880 |      47.50000 |    -122.00000 |       0.14070 |       1.00000 | 
    286.83777 |      36.13065 |      36.13065 |       0.00000 |      20.29643 |      12.29642 |       0.52206 |      75.05345 |      74.62222 |      76.32436 |      77.99476 |      86.36997 |      87.83250 |      89.97374 |      -0.09110 |      -0.00230 |       0.00000 |       0.00000 |       0.00000 |       0.00000 |       0.00000 |       0.00000 |       0.00000 |      -0.11413 |       0.00536 |       0.00524 |       0.00000 |       0.00000 |       0.00000 |       0.00000 |       0.33333 |       0.33333 |       0.00000 |       0.00000 |       0.00000 |      -3.01500 |      -0.46875 |     179.67329 |     164.32132 |       1.08251 |       0.07812 |     180.00995 |      -3.99818 |       0.08399 |      47.50505 |    -122.30824 |    1533.27087 |    1278.66382 |       1.00000 |    1542.46130 |      47.50000 |    -122.00000 |       0.14070 |       1.00000 | 
    286.97229 |      36.23116 |      36.23116 |       0.00000 |      20.29646 |      12.29645 |       0.52208 |      75.00757 |      74.57668 |      76.27673 |      77.94734 |      86.31717 |      87.77769 |      89.91882 |      -0.09110 |      -0.00230 |       0.00000 |       0.00000 |       0.00000 |       0.00000 |       0.00000 |       0.00000 |       0.00000 |      -0.11408 |       0.00536 |       0.00523 |       0.00000 |       0.00000 |       0.00000 |       0.00000 |       0.33333 |       0.33333 |       0.00000 |       0.00000 |       0.00000 |      -3.01022 |      -0.45456 |     179.66396 |     164.31198 |       1.08532 |       0.07866 |     180.00032 |      -3.99614 |       0.08292 |      47.50501 |    -122.30824 |    1532.34680 |    1277.43042 |       1.00000 |    1541.52441 |      47.50000 |    -122.00000 |       0.14070 |       1.00000 | 
    287.04092 |      36.28141 |      36.28141 |       0.00000 |      20.29647 |      12.29647 |       0.52210 |      74.98463 |      74.55399 |      76.25300 |      77.92368 |      86.29077 |      87.75039 |      89.89146 |      -0.09110 |      -0.00230 |       0.00000 |       0.00000 |       0.00000 |       0.00000 |       0.00000 |       0.00000 |       0.00000 |      -0.11405 |       0.00536 |       0.00523 |       0.00000 |       0.00000 |       0.00000 |       0.00000 |       0.33333 |       0.33333 |       0.00000 |       0.00000 |       0.00000 |      -3.00825 |      -0.44745 |     179.65939 |     164.30743 |       1.08670 |       0.07889 |     179.99561 |      -3.99551 |       0.08243 |      47.50500 |    -122.30824 |    1531.88513 |    1276.81494 |       1.00000 |    1541.05627 |      47.50000 |    -122.00000 |       0.14070 |       1.00000 | 
    287.20224 |      36.38191 |      36.38191 |       0.00000 |      20.29650 |      12.29650 |       0.52212 |      74.93875 |      74.50874 |      76.20567 |      77.87640 |      86.23798 |      87.69592 |      89.83688 |      -0.08976 |      -0.00267 |       0.00000 |       0.00000 |       0.00000 |       0.00000 |       0.00000 |       0.00000 |       0.00000 |      -0.11270 |       0.00500 |       0.00522 |       0.00000 |       0.00000 |       0.00000 |       0.00000 |       0.33333 |       0.33333 |       0.00000 |       0.00000 |       0.00000 |      -3.00502 |      -0.43341 |     179.65041 |     164.29845 |       1.08972 |       0.07921 |     179.98654 |      -3.99518 |       0.08152 |      47.50496 |    -122.30824 |    1530.96228 |    1275.60522 |       1.00000 |    1540.12085 |      47.50000 |    -122.00000 |       0.14070 |       1.00000 | 
    287.34033 |      36.48241 |      36.48241 |       0.00000 |      20.29652 |      12.29652 |       0.52215 |      74.89293 |      74.46369 |      76.15855 |      77.82925 |      86.18525 |      87.64171 |      89.78258 |      -0.08860 |      -0.00267 |       0.00000 |       0.00000 |       0.00000 |       0.00000 |       0.00000 |       0.00000 |       0.00000 |      -0.11170 |       0.00501 |       0.00522 |       0.00000 |       0.00000 |       0.00000 |       0.00000 |       0.33333 |       0.33333 |       0.00000 |       0.00000 |       0.00000 |      -3.00136 |      -0.41989 |     179.64160 |     164.28964 |       1.09431 |       0.07939 |     179.97781 |      -3.99596 |       0.08068 |      47.50492 |    -122.30824 |    1530.03992 |    1274.44556 |       1.00000 |    1539.18652 |      47.50000 |    -122.00000 |       0.14070 |       1.00000 | 
    287.47815 |      36.58292 |      36.58292 |       0.00000 |      20.29655 |      12.29655 |       0.52218 |      74.84717 |      74.41888 |      76.11169 |      77.78227 |      86.13258 |      87.58777 |      89.72854 |      -0.08727 |      -0.00267 |       0.00000 |       0.00000 |       0.00000 |       0.00000 |       0.00000 |       0.00000 |       0.00000 |      -0.11061 |       0.00501 |       0.00521 |       0.00000 |       0.00000 |       0.00000 |       0.00000 |       0.33333 |       0.33333 |       0.00000 |       0.00000 |       0.00000 |      -2.99670 |      -0.40649 |     179.63295 |     164.28101 |       1.10053 |       0.07937 |     179.96944 |      -3.99736 |       0.07991 |      47.50489 |    -122.30824 |    1529.11780 |    1273.37683 |       1.00000 |    1538.25330 |      47.50000 |    -122.00000 |       0.14070 |       1.00000 | 
    287.54715 |      36.63317 |      36.63317 |       0.00000 |      20.29657 |      12.29657 |       0.52219 |      74.82432 |      74.39655 |      76.08833 |      77.75885 |      86.10629 |      87.56090 |      89.70161 |      -0.08605 |      -0.00267 |       0.00000 |       0.00000 |       0.00000 |       0.00000 |       0.00000 |       0.00000 |       0.00000 |      -0.10954 |       0.00501 |       0.00521 |       0.00000 |       0.00000 |       0.00000 |       0.00000 |       0.33333 |       0.33333 |       0.00000 |       0.00000 |       0.00000 |      -2.99390 |      -0.39979 |     179.62869 |     164.27675 |       1.10424 |       0.07931 |     179.96536 |      -3.99819 |       0.07954 |      47.50487 |    -122.30824 |    1528.65686 |    1272.78894 |       1.00000 |    1537.78711 |      47.50000 |    -122.00000 |       0.14070 |       1.00000 | 
    287.71164 |      36.73367 |      36.73367 |       0.00000 |      20.29659 |      12.29659 |       0.52222 |      74.77866 |      74.35202 |      76.04176 |      77.71215 |      86.05374 |      87.50729 |      89.64789 |      -0.08605 |      -0.00267 |       0.00000 |       0.00000 |       0.00000 |       0.00000 |       0.00000 |       0.00000 |       0.00000 |      -0.10977 |       0.00501 |       0.00521 |       0.00000 |       0.00000 |       0.00000 |       0.00000 |       0.33333 |       0.33333 |       0.00000 |       0.00000 |       0.00000 |      -2.98765 |      -0.38643 |     179.62029 |     164.26836 |       1.11215 |       0.07903 |     179.95746 |      -3.99969 |       0.07883 |      47.50483 |    -122.30824 |    1527.73511 |    1271.58972 |       1.00000 |    1536.85547 |      47.50000 |    -122.00000 |       0.14070 |       1.00000 | 
    287.84622 |      36.83417 |      36.83417 |       0.00000 |      20.29662 |      12.29662 |       0.52225 |      74.73303 |      74.30764 |      75.99533 |      77.66564 |      86.00124 |      87.45387 |      89.59438 |      -0.08605 |      -0.00267 |       0.00000 |       0.00000 |       0.00000 |       0.00000 |       0.00000 |       0.00000 |       0.00000 |      -0.10991 |       0.00501 |       0.00520 |       0.00000 |       0.00000 |       0.00000 |       0.00000 |       0.33333 |       0.33333 |       0.00000 |       0.00000 |       0.00000 |      -2.98140 |      -0.37308 |     179.61203 |     164.26010 |       1.11982 |       0.07860 |     179.94986 |      -4.00095 |       0.07813 |      47.50480 |    -122.30824 |    1526.81348 |    1270.43359 |       1.00000 |    1535.92505 |      47.50000 |    -122.00000 |       0.14070 |       1.00000 | 
    287.91415 |      36.88442 |      36.88442 |       0.00000 |      20.29663 |      12.29663 |       0.52226 |      74.71027 |      74.28552 |      75.97218 |      77.64245 |      85.97504 |      87.42723 |      89.56770 |      -0.08473 |      -0.00267 |       0.00000 |       0.00000 |       0.00000 |       0.00000 |       0.00000 |       0.00000 |       0.00000 |      -0.10869 |       0.00501 |       0.00520 |       0.00000 |       0.00000 |       0.00000 |       0.00000 |       0.33333 |       0.33333 |       0.00000 |       0.00000 |       0.00000 |      -2.97832 |      -0.36641 |     179.60797 |     164.25606 |       1.12367 |       0.07832 |     179.94618 |      -4.00164 |       0.07778 |      47.50478 |    -122.30824 |    1526.35278 |    1269.81958 |       1.00000 |    1535.46033 |      47.50000 |    -122.00000 |       0.14070 |       1.00000 | 
    288.07068 |      36.98492 |      36.98492 |       0.00000 |      20.29666 |      12.29666 |       0.52229 |      74.66478 |      74.24142 |      75.92604 |      77.59620 |      85.92270 |      87.37413 |      89.51450 |      -0.08346 |      -0.00267 |       0.00000 |       0.00000 |       0.00000 |       0.00000 |       0.00000 |       0.00000 |       0.00000 |      -0.10768 |       0.00501 |       0.00520 |       0.00000 |       0.00000 |       0.00000 |       0.00000 |       0.33333 |       0.33333 |       0.00000 |       0.00000 |       0.00000 |      -2.97156 |      -0.35310 |     179.59999 |     164.24808 |       1.13196 |       0.07771 |     179.93906 |      -4.00302 |       0.07708 |      47.50474 |    -122.30824 |    1525.43164 |    1268.61377 |       1.00000 |    1534.53137 |      47.50000 |    -122.00000 |       0.14070 |       1.00000 | 
    288.20700 |      37.08543 |      37.08543 |       0.00000 |      20.29669 |      12.29669 |       0.52232 |      74.61944 |      74.19743 |      75.88002 |      77.55013 |      85.87052 |      87.32117 |      89.46146 |      -0.08346 |      -0.00267 |       0.00000 |       0.00000 |       0.00000 |       0.00000 |       0.00000 |       0.00000 |       0.00000 |      -0.10783 |       0.00501 |       0.00519 |       0.00000 |       0.00000 |       0.00000 |       0.00000 |       0.33333 |       0.33333 |       0.00000 |       0.00000 |       0.00000 |      -2.96474 |      -0.33982 |     179.59224 |     164.24034 |       1.13999 |       0.07698 |     179.93222 |      -4.00407 |       0.07638 |      47.50471 |    -122.30824 |    1524.51074 |    1267.38220 |       1.00000 |    1533.60352 |      47.50000 |    -122.00000 |       0.14070 |       1.00000 | 
    288.38242 |      37.18593 |      37.18593 |       0.00000 |      20.29672 |      12.29672 |       0.52235 |      74.57421 |      74.15358 |      75.83415 |      77.50421 |      85.81847 |      87.26839 |      89.40860 |      -0.08346 |      -0.00267 |       0.00000 |       0.00000 |       0.00000 |       0.00000 |       0.00000 |       0.00000 |       0.00000 |      -0.10788 |       0.00501 |       0.00518 |       0.00000 |       0.00000 |       0.00000 |       0.00000 |       0.33333 |       0.33333 |       0.00000 |       0.00000 |       0.00000 |      -2.95871 |      -0.32657 |     179.58472 |     164.23282 |       1.14705 |       0.07619 |     179.92569 |      -4.00495 |       0.07566 |      47.50467 |    -122.30824 |    1523.59009 |    1266.17017 |       1.00000 |    1532.67639 |      47.50000 |    -122.00000 |       0.14070 |       1.00000 | 
    288.45148 |      37.23618 |      37.23618 |       0.00000 |      20.29673 |      12.29673 |       0.52236 |      74.55164 |      74.13173 |      75.81128 |      77.48134 |      85.79250 |      87.24207 |      89.38224 |      -0.08516 |      -0.00267 |       0.00000 |       0.00000 |       0.00000 |       0.00000 |       0.00000 |       0.00000 |       0.00000 |      -0.10949 |       0.00501 |       0.00518 |       0.00000 |       0.00000 |       0.00000 |       0.00000 |       0.33333 |       0.33333 |       0.00000 |       0.00000 |       0.00000 |      -2.95649 |      -0.31996 |     179.58107 |     164.22917 |       1.14969 |       0.07579 |     179.92253 |      -4.00530 |       0.07529 |      47.50465 |    -122.30824 |    1523.12988 |    1265.59180 |       1.00000 |    1532.21313 |      47.50000 |    -122.00000 |       0.14070 |       1.00000 | 
    288.60852 |      37.33669 |      37.33669 |       0.00000 |      20.29676 |      12.29676 |       0.52239 |      74.50658 |      74.08817 |      75.76571 |      77.43570 |      85.74065 |      87.18962 |      89.32970 |      -0.08680 |      -0.00213 |       0.00000 |       0.00000 |       0.00000 |       0.00000 |       0.00000 |       0.00000 |       0.00000 |      -0.11078 |       0.00554 |       0.00518 |       0.00000 |       0.00000 |       0.00000 |       0.00000 |       0.33333 |       0.33333 |       0.00000 |       0.00000 |       0.00000 |      -2.95521 |      -0.30647 |     179.57397 |     164.22209 |       1.15213 |       0.07491 |     179.91643 |      -4.00630 |       0.07454 |      47.50462 |    -122.30824 |    1522.20984 |    1264.44238 |       1.00000 |    1531.28723 |      47.50000 |    -122.00000 |       0.14070 |       1.00000 | 
    288.74518 |      37.43719 |      37.43719 |       0.00000 |      20.29679 |      12.29679 |       0.52242 |      74.46165 |      74.04491 |      75.72042 |      77.39024 |      85.68893 |      87.13751 |      89.27753 |      -0.08680 |      -0.00165 |       0.00000 |       0.00000 |       0.00000 |       0.00000 |       0.00000 |       0.00000 |       0.00000 |      -0.11043 |       0.00599 |       0.00517 |       0.00000 |       0.00000 |       0.00000 |       0.00000 |       0.33333 |       0.33333 |       0.00000 |       0.00000 |       0.00000 |      -2.95783 |      -0.29152 |     179.56709 |     164.21521 |       1.15216 |       0.07391 |     179.91066 |      -4.00877 |       0.07378 |      47.50458 |    -122.30824 |    1521.28992 |    1263.33398 |       1.00000 |    1530.36194 |      47.50000 |    -122.00000 |       0.14070 |       1.00000 | 
    288.81244 |      37.48744 |      37.48744 |       0.00000 |      20.29680 |      12.29680 |       0.52243 |      74.43924 |      74.02341 |      75.69794 |      77.36758 |      85.66315 |      87.11163 |      89.25160 |      -0.08680 |      -0.00165 |       0.00000 |       0.00000 |       0.00000 |       0.00000 |       0.00000 |       0.00000 |       0.00000 |      -0.11027 |       0.00598 |       0.00517 |       0.00000 |       0.00000 |       0.00000 |       0.00000 |       0.33333 |       0.33333 |       0.00000 |       0.00000 |       0.00000 |      -2.96036 |      -0.28381 |     179.56374 |     164.21187 |       1.15167 |       0.07335 |     179.90790 |      -4.01069 |       0.07338 |      47.50456 |    -122.30824 |    1520.82983 |    1262.75415 |       1.00000 |    1529.89954 |      47.50000 |    -122.00000 |       0.14070 |       1.00000 | 
    288.88736 |      37.53769 |      37.53769 |       0.00000 |      20.29682 |      12.29682 |       0.52245 |      74.41687 |      74.00204 |      75.67556 |      77.34500 |      85.63741 |      87.08588 |      89.22581 |      -0.08680 |      -0.00165 |       0.00000 |       0.00000 |       0.00000 |       0.00000 |       0.00000 |       0.00000 |       0.00000 |      -0.11012 |       0.00598 |       0.00517 |       0.00000 |       0.00000 |       0.00000 |       0.00000 |       0.33333 |       0.33333 |       0.00000 |       0.00000 |       0.00000 |      -2.96355 |      -0.27607 |     179.56042 |     164.20856 |       1.15102 |       0.07274 |     179.90521 |      -4.01310 |       0.07296 |      47.50455 |    -122.30824 |    1520.36963 |    1262.18018 |       1.00000 |    1529.43738 |      47.50000 |    -122.00000 |       0.14070 |       1.00000 | 
    288.98114 |      37.58794 |      37.58794 |       0.00000 |      20.29683 |      12.29683 |       0.52246 |      74.39454 |      73.98079 |      75.65332 |      77.32249 |      85.61171 |      87.06029 |      89.20017 |      -0.08680 |      -0.00165 |       0.00000 |       0.00000 |       0.00000 |       0.00000 |       0.00000 |       0.00000 |       0.00000 |      -0.10999 |       0.00598 |       0.00516 |       0.00000 |       0.00000 |       0.00000 |       0.00000 |       0.33333 |       0.33333 |       0.00000 |       0.00000 |       0.00000 |      -2.96733 |      -0.26831 |     179.55719 |     164.20532 |       1.15029 |       0.07211 |     179.90262 |      -4.01602 |       0.07254 |      47.50453 |    -122.30824 |    1519.90930 |    1261.61389 |       1.00000 |    1528.97534 |      47.50000 |    -122.00000 |       0.14070 |       1.00000 | 
    289.14163 |      37.68844 |      37.68844 |       0.00000 |      20.29686 |      12.29686 |       0.52249 |      74.35002 |      73.93867 |      75.60921 |      77.27774 |      85.56048 |      87.00953 |      89.14935 |      -0.08680 |      -0.00201 |       0.00000 |       0.00000 |       0.00000 |       0.00000 |       0.00000 |       0.00000 |       0.00000 |      -0.10977 |       0.00563 |       0.00516 |       0.00000 |       0.00000 |       0.00000 |       0.00000 |       0.33333 |       0.33333 |       0.00000 |       0.00000 |       0.00000 |      -2.97635 |      -0.25335 |     179.55089 |     164.19904 |       1.14893 |       0.07082 |     179.89771 |      -4.02337 |       0.07166 |      47.50449 |    -122.30824 |    1518.98779 |    1260.40137 |       1.00000 |    1528.05164 |      47.50000 |    -122.00000 |       0.14070 |       1.00000 | 
    289.28806 |      37.78894 |      37.78894 |       0.00000 |      20.29689 |      12.29689 |       0.52252 |      74.30569 |      73.89711 |      75.56568 |      77.23337 |      85.50946 |      86.95944 |      89.09917 |      -0.08680 |      -0.00201 |       0.00000 |       0.00000 |       0.00000 |       0.00000 |       0.00000 |       0.00000 |       0.00000 |      -0.10960 |       0.00564 |       0.00515 |       0.00000 |       0.00000 |       0.00000 |       0.00000 |       0.33333 |       0.33333 |       0.00000 |       0.00000 |       0.00000 |      -2.98690 |      -0.23870 |     179.54489 |     164.19304 |       1.14800 |       0.06948 |     179.89310 |      -4.03263 |       0.07074 |      47.50446 |    -122.30824 |    1518.06482 |    1259.18506 |       1.00000 |    1527.12817 |      47.50000 |    -122.00000 |       0.14070 |       1.00000 | 
    289.42651 |      37.88945 |      37.88945 |       0.00000 |      20.29692 |      12.29691 |       0.52254 |      74.26159 |      73.85617 |      75.52278 |      77.18946 |      85.45871 |      86.91006 |      89.04973 |      -0.08680 |      -0.00201 |       0.00000 |       0.00000 |       0.00000 |       0.00000 |       0.00000 |       0.00000 |       0.00000 |      -0.10947 |       0.00564 |       0.00514 |       0.00000 |       0.00000 |       0.00000 |       0.00000 |       0.33333 |       0.33333 |       0.00000 |       0.00000 |       0.00000 |      -2.99862 |      -0.22415 |     179.53925 |     164.18741 |       1.14769 |       0.06817 |     179.88881 |      -4.04364 |       0.06978 |      47.50442 |    -122.30824 |    1517.14001 |    1257.96326 |       1.00000 |    1526.20508 |      47.50000 |    -122.00000 |       0.14070 |       1.00000 | 
    289.56067 |      37.98995 |      37.98995 |       0.00000 |      20.29694 |      12.29694 |       0.52257 |      74.21777 |      73.81588 |      75.48056 |      77.14606 |      85.40828 |      86.86148 |      89.00105 |      -0.08680 |      -0.00201 |       0.00000 |       0.00000 |       0.00000 |       0.00000 |       0.00000 |       0.00000 |       0.00000 |      -0.10938 |       0.00564 |       0.00513 |       0.00000 |       0.00000 |       0.00000 |       0.00000 |       0.33333 |       0.33333 |       0.00000 |       0.00000 |       0.00000 |      -3.01133 |      -0.20964 |     179.53398 |     164.18214 |       1.14800 |       0.06692 |     179.88486 |      -4.05623 |       0.06878 |      47.50438 |    -122.30824 |    1516.21289 |    1256.74487 |       1.00000 |    1525.28210 |      47.50000 |    -122.00000 |       0.14070 |       1.00000 | 
    289.69522 |      38.09045 |      38.09045 |       0.00000 |      20.29697 |      12.29697 |       0.52260 |      74.17425 |      73.77627 |      75.43901 |      77.10321 |      85.35820 |      86.81367 |      88.95315 |      -0.08680 |      -0.00201 |       0.00000 |       0.00000 |       0.00000 |       0.00000 |       0.00000 |       0.00000 |       0.00000 |      -0.10930 |       0.00564 |       0.00512 |       0.00000 |       0.00000 |       0.00000 |       0.00000 |       0.33333 |       0.33333 |       0.00000 |       0.00000 |       0.00000 |      -3.02491 |      -0.19516 |     179.52914 |     164.17732 |       1.14887 |       0.06577 |     179.88121 |      -4.07021 |       0.06776 |      47.50435 |    -122.30824 |    1515.28333 |    1255.59619 |       1.00000 |    1524.35925 |      47.50000 |    -122.00000 |       0.14070 |       1.00000 | 
    289.83044 |      38.19096 |      38.19096 |       0.00000 |      20.29700 |      12.29700 |       0.52263 |      74.13105 |      73.73739 |      75.39822 |      77.06096 |      85.30849 |      86.76672 |      88.90611 |      -0.08543 |      -0.00201 |       0.00000 |       0.00000 |       0.00000 |       0.00000 |       0.00000 |       0.00000 |       0.00000 |      -0.10799 |       0.00564 |       0.00511 |       0.00000 |       0.00000 |       0.00000 |       0.00000 |       0.33333 |       0.33333 |       0.00000 |       0.00000 |       0.00000 |      -3.03855 |      -0.18070 |     179.52477 |     164.17294 |       1.15110 |       0.06475 |     179.87788 |      -4.08558 |       0.06673 |      47.50431 |    -122.30824 |    1514.35071 |    1254.45129 |       1.00000 |    1523.43604 |      47.50000 |    -122.00000 |       0.14070 |       1.00000 | 
    289.96890 |      38.29146 |      38.29146 |       0.00000 |      20.29703 |      12.29703 |       0.52266 |      74.08822 |      73.69920 |      75.35812 |      77.01935 |      85.25920 |      86.72058 |      88.85989 |      -0.08543 |      -0.00105 |       0.00000 |       0.00000 |       0.00000 |       0.00000 |       0.00000 |       0.00000 |       0.00000 |      -0.10804 |       0.00656 |       0.00510 |       0.00000 |       0.00000 |       0.00000 |       0.00000 |       0.33333 |       0.33333 |       0.00000 |       0.00000 |       0.00000 |      -3.05209 |      -0.16483 |     179.52083 |     164.16902 |       1.15425 |       0.06378 |     179.87489 |      -4.10174 |       0.06569 |      47.50428 |    -122.30824 |    1513.41504 |    1253.35217 |       1.00000 |    1522.51245 |      47.50000 |    -122.00000 |       0.14070 |       1.00000 | 
    290.13315 |      38.39196 |      38.39196 |       0.00000 |      20.29705 |      12.29705 |       0.52268 |      74.04578 |      73.66174 |      75.31877 |      76.97840 |      85.21037 |      86.67530 |      88.81452 |      -0.08543 |      -0.00134 |       0.00000 |       0.00000 |       0.00000 |       0.00000 |       0.00000 |       0.00000 |       0.00000 |      -0.10807 |       0.00626 |       0.00509 |       0.00000 |       0.00000 |       0.00000 |       0.00000 |       0.33333 |       0.33333 |       0.00000 |       0.00000 |       0.00000 |      -3.06594 |      -0.14868 |     179.51735 |     164.16554 |       1.15767 |       0.06290 |     179.87227 |      -4.11853 |       0.06464 |      47.50424 |    -122.30824 |    1512.47607 |    1252.23352 |       1.00000 |    1521.58813 |      47.50000 |    -122.00000 |       0.14070 |       1.00000 | 
    290.20175 |      38.44221 |      38.44221 |       0.00000 |      20.29707 |      12.29707 |       0.52270 |      74.02473 |      73.64327 |      75.29938 |      76.95819 |      85.18613 |      86.65298 |      88.79217 |      -0.08543 |      -0.00134 |       0.00000 |       0.00000 |       0.00000 |       0.00000 |       0.00000 |       0.00000 |       0.00000 |      -0.10807 |       0.00626 |       0.00508 |       0.00000 |       0.00000 |       0.00000 |       0.00000 |       0.33333 |       0.33333 |       0.00000 |       0.00000 |       0.00000 |      -3.07308 |      -0.14064 |     179.51579 |     164.16400 |       1.15939 |       0.06250 |     179.87109 |      -4.12715 |       0.06412 |      47.50422 |    -122.30824 |    1512.00537 |    1251.63342 |       1.00000 |    1521.12561 |      47.50000 |    -122.00000 |       0.14070 |       1.00000 | 
    290.35709 |      38.54271 |      38.54271 |       0.00000 |      20.29709 |      12.29710 |       0.52273 |      73.98296 |      73.60689 |      75.26113 |      76.91828 |      85.13808 |      86.60896 |      88.74809 |      -0.08543 |      -0.00134 |       0.00000 |       0.00000 |       0.00000 |       0.00000 |       0.00000 |       0.00000 |       0.00000 |      -0.10805 |       0.00626 |       0.00507 |       0.00000 |       0.00000 |       0.00000 |       0.00000 |       0.33333 |       0.33333 |       0.00000 |       0.00000 |       0.00000 |      -3.08800 |      -0.12459 |     179.51299 |     164.16119 |       1.16265 |       0.06172 |     179.86903 |      -4.14482 |       0.06309 |      47.50419 |    -122.30824 |    1511.06116 |    1250.45264 |       1.00000 |    1520.19958 |      47.50000 |    -122.00000 |       0.14070 |       1.00000 | 
    290.49377 |      38.64322 |      38.64322 |       0.00000 |      20.29712 |      12.29712 |       0.52275 |      73.94168 |      73.57129 |      75.22367 |      76.87904 |      85.09057 |      86.56586 |      88.70490 |      -0.08302 |      -0.00134 |       0.00000 |       0.00000 |       0.00000 |       0.00000 |       0.00000 |       0.00000 |       0.00000 |      -0.10572 |       0.00626 |       0.00506 |       0.00000 |       0.00000 |       0.00000 |       0.00000 |       0.33333 |       0.33333 |       0.00000 |       0.00000 |       0.00000 |      -3.10350 |      -0.10853 |     179.51064 |     164.15886 |       1.16616 |       0.06101 |     179.86734 |      -4.16332 |       0.06207 |      47.50415 |    -122.30824 |    1510.11328 |    1249.22302 |       1.00000 |    1519.27222 |      47.50000 |    -122.00000 |       0.14070 |       1.00000 | 
    290.62973 |      38.74372 |      38.74372 |       0.00000 |      20.29715 |      12.29715 |       0.52278 |      73.90093 |      73.53648 |      75.18702 |      76.84053 |      85.04368 |      86.52368 |      88.66266 |      -0.07854 |      -0.00134 |       0.00000 |       0.00000 |       0.00000 |       0.00000 |       0.00000 |       0.00000 |       0.00000 |      -0.10168 |       0.00626 |       0.00505 |       0.00000 |       0.00000 |       0.00000 |       0.00000 |       0.33333 |       0.33333 |       0.00000 |       0.00000 |       0.00000 |      -3.11689 |      -0.09247 |     179.50874 |     164.15697 |       1.17272 |       0.06035 |     179.86603 |      -4.18272 |       0.06107 |      47.50412 |    -122.30824 |    1509.16162 |    1248.03076 |       1.00000 |    1518.34351 |      47.50000 |    -122.00000 |       0.14070 |       1.00000 | 
    290.78915 |      38.84422 |      38.84422 |       0.00000 |      20.29718 |      12.29718 |       0.52281 |      73.86072 |      73.50239 |      75.15110 |      76.80272 |      84.99740 |      86.48235 |      88.62125 |      -0.07132 |      -0.00904 |       0.00000 |       0.00000 |       0.00000 |       0.00000 |       0.00000 |       0.00000 |       0.00000 |      -0.09537 |      -0.00124 |       0.00503 |       0.00000 |       0.00000 |       0.00000 |       0.00000 |       0.33333 |       0.33333 |       0.00000 |       0.00000 |       0.00000 |      -3.12503 |      -0.08198 |     179.50735 |     164.15559 |       1.18464 |       0.05998 |     179.86505 |      -4.20223 |       0.06004 |      47.50408 |    -122.30824 |    1508.20581 |    1246.87354 |       1.00000 |    1517.41284 |      47.50000 |    -122.00000 |       0.14070 |       1.00000 | 
    290.92932 |      38.94473 |      38.94473 |       0.00000 |      20.29721 |      12.29721 |       0.52284 |      73.82105 |      73.46891 |      75.11581 |      76.76551 |      84.95175 |      86.44173 |      88.58057 |      -0.04878 |      -0.01772 |       0.00000 |       0.00000 |       0.00000 |       0.00000 |       0.00000 |       0.00000 |       0.00000 |      -0.07580 |      -0.00943 |       0.00501 |       0.00000 |       0.00000 |       0.00000 |       0.00000 |       0.33333 |       0.33333 |       0.00000 |       0.00000 |       0.00000 |      -3.11556 |      -0.09108 |     179.50687 |     164.15511 |       1.21449 |       0.06081 |     179.86417 |      -4.22206 |       0.05908 |      47.50404 |    -122.30824 |    1507.24597 |    1245.72168 |       1.00000 |    1516.48010 |      47.50000 |    -122.00000 |       0.14070 |       1.00000 | 
    291.08389 |      39.04523 |      39.04523 |       0.00000 |      20.29724 |      12.29724 |       0.52286 |      73.78195 |      73.43546 |      75.08054 |      76.72903 |      84.90675 |      86.40115 |      88.53994 |      -0.04345 |      -0.02635 |       0.00000 |       0.00000 |       0.00000 |       0.00000 |       0.00000 |       0.00000 |       0.00000 |      -0.07368 |      -0.01754 |       0.00497 |       0.00000 |       0.00000 |       0.00000 |       0.00000 |       0.33333 |       0.33333 |       0.00000 |       0.00000 |       0.00000 |      -3.08327 |      -0.12149 |     179.50783 |     164.15608 |       1.25994 |       0.06389 |     179.86304 |      -4.23488 |       0.05843 |      47.50401 |    -122.30824 |    1506.28296 |    1244.61060 |       1.00000 |    1515.54504 |      47.50000 |    -122.00000 |       0.14070 |       1.00000 | 
    291.15167 |      39.09548 |      39.09548 |       0.00000 |      20.29725 |      12.29725 |       0.52288 |      73.76260 |      73.41856 |      75.06274 |      76.71100 |      84.88448 |      86.38065 |      88.51942 |      -0.04247 |      -0.02835 |       0.00000 |       0.00000 |       0.00000 |       0.00000 |       0.00000 |       0.00000 |       0.00000 |      -0.07410 |      -0.01936 |       0.00495 |       0.00000 |       0.00000 |       0.00000 |       0.00000 |       0.33333 |       0.33333 |       0.00000 |       0.00000 |       0.00000 |      -3.06040 |      -0.14263 |     179.50896 |     164.15721 |       1.28543 |       0.06646 |     179.86223 |      -4.23744 |       0.05830 |      47.50399 |    -122.30824 |    1505.80103 |    1244.02600 |       1.00000 |    1515.07654 |      47.50000 |    -122.00000 |       0.14070 |       1.00000 | 
    291.29507 |      39.19598 |      39.19598 |       0.00000 |      20.29728 |      12.29728 |       0.52291 |      73.72424 |      73.38410 |      75.02643 |      76.67503 |      84.84035 |      86.33887 |      88.47762 |      -0.03340 |      -0.04396 |       0.00000 |       0.00000 |       0.00000 |       0.00000 |       0.00000 |       0.00000 |       0.00000 |      -0.06790 |      -0.03436 |       0.00489 |       0.00000 |       0.00000 |       0.00000 |       0.00000 |       0.33333 |       0.33333 |       0.00000 |       0.00000 |       0.00000 |      -3.00363 |      -0.20523 |     179.51276 |     164.16101 |       1.33956 |       0.07449 |     179.85983 |      -4.23490 |       0.05833 |      47.50396 |    -122.30824 |    1504.83728 |    1242.87976 |       1.00000 |    1514.13745 |      47.50000 |    -122.00000 |       0.14070 |       1.00000 | 
    291.43036 |      39.29648 |      39.29648 |       0.00000 |      20.29731 |      12.29731 |       0.52293 |      73.68633 |      73.34843 |      74.98889 |      76.63892 |      84.79671 |      86.29568 |      88.43442 |      -0.02653 |      -0.04758 |       0.00000 |       0.00000 |       0.00000 |       0.00000 |       0.00000 |       0.00000 |       0.00000 |      -0.06385 |      -0.03755 |       0.00484 |       0.00000 |       0.00000 |       0.00000 |       0.00000 |       0.33333 |       0.33333 |       0.00000 |       0.00000 |       0.00000 |      -2.93275 |      -0.28898 |     179.51869 |     164.16696 |       1.39659 |       0.08662 |     179.85614 |      -4.22146 |       0.05922 |      47.50392 |    -122.30824 |    1503.87622 |    1241.67041 |       1.00000 |    1513.19617 |      47.50000 |    -122.00000 |       0.14070 |       1.00000 | 
    291.58438 |      39.39698 |      39.39698 |       0.00000 |      20.29733 |      12.29733 |       0.52296 |      73.64869 |      73.31115 |      74.94972 |      76.60236 |      84.75340 |      86.25060 |      88.38937 |      -0.02560 |      -0.05134 |       0.00000 |       0.00000 |       0.00000 |       0.00000 |       0.00000 |       0.00000 |       0.00000 |      -0.06496 |      -0.04103 |       0.00480 |       0.00000 |       0.00000 |       0.00000 |       0.00000 |       0.33333 |       0.33333 |       0.00000 |       0.00000 |       0.00000 |      -2.85261 |      -0.38606 |     179.52626 |     164.17453 |       1.45062 |       0.10263 |     179.85074 |      -4.19615 |       0.06123 |      47.50388 |    -122.30824 |    1502.92029 |    1240.44702 |       1.00000 |    1512.25256 |      47.50000 |    -122.00000 |       0.14070 |       1.00000 | 
    291.74377 |      39.49749 |      39.49749 |       0.00000 |      20.29736 |      12.29736 |       0.52299 |      73.61118 |      73.27199 |      74.90862 |      76.56491 |      84.71023 |      86.20330 |      88.34206 |      -0.02990 |      -0.09794 |       0.00000 |       0.00000 |       0.00000 |       0.00000 |       0.00000 |       0.00000 |       0.00000 |      -0.07019 |      -0.08676 |       0.00477 |       0.00000 |       0.00000 |       0.00000 |       0.00000 |       0.33333 |       0.33333 |       0.00000 |       0.00000 |       0.00000 |      -2.77058 |      -0.51489 |     179.53477 |     164.18306 |       1.49520 |       0.12272 |     179.84320 |      -4.15990 |       0.06421 |      47.50385 |    -122.30824 |    1501.97229 |    1239.25793 |       1.00000 |    1511.30676 |      47.50000 |    -122.00000 |       0.14070 |       1.00000 | 
    291.88690 |      39.59799 |      39.59799 |       0.00000 |      20.29739 |      12.29739 |       0.52302 |      73.57362 |      73.23080 |      74.86548 |      76.52615 |      84.66702 |      86.15366 |      88.29243 |      -0.03135 |      -0.10732 |       0.00000 |       0.00000 |       0.00000 |       0.00000 |       0.00000 |       0.00000 |       0.00000 |      -0.07160 |      -0.09460 |       0.00473 |       0.00000 |       0.00000 |       0.00000 |       0.00000 |       0.33333 |       0.33333 |       0.00000 |       0.00000 |       0.00000 |      -2.69475 |      -0.72025 |     179.54451 |     164.19281 |       1.52516 |       0.14923 |     179.83258 |      -4.11576 |       0.06880 |      47.50381 |    -122.30824 |    1501.03418 |    1238.07703 |       1.00000 |    1510.35974 |      47.50000 |    -122.00000 |       0.14070 |       1.00000 | 
    292.04684 |      39.69849 |      39.69849 |       0.00000 |      20.29742 |      12.29742 |       0.52305 |      73.53589 |      73.18768 |      74.82035 |      76.48583 |      84.62359 |      86.10172 |      88.24045 |      -0.04650 |      -0.14799 |       0.00000 |       0.00000 |       0.00000 |       0.00000 |       0.00000 |       0.00000 |       0.00000 |      -0.08456 |      -0.13364 |       0.00470 |       0.00000 |       0.00000 |       0.00000 |       0.00000 |       0.33333 |       0.33333 |       0.00000 |       0.00000 |       0.00000 |      -2.63623 |      -1.00871 |     179.55559 |     164.20389 |       1.53173 |       0.18420 |     179.81705 |      -4.06621 |       0.07542 |      47.50378 |    -122.30824 |    1500.10742 |    1236.97046 |       1.00000 |    1509.41187 |      47.50000 |    -122.00000 |       0.14070 |       1.00000 | 
    292.11407 |      39.74874 |      39.74874 |       0.00000 |      20.29743 |      12.29743 |       0.52306 |      73.51692 |      73.16557 |      74.79725 |      76.46504 |      84.60177 |      86.07514 |      88.21381 |      -0.05101 |      -0.16339 |       0.00000 |       0.00000 |       0.00000 |       0.00000 |       0.00000 |       0.00000 |       0.00000 |      -0.08780 |      -0.14851 |       0.00469 |       0.00000 |       0.00000 |       0.00000 |       0.00000 |       0.33333 |       0.33333 |       0.00000 |       0.00000 |       0.00000 |      -2.61522 |      -1.17726 |     179.56155 |     164.20985 |       1.52701 |       0.20501 |     179.80699 |      -4.04192 |       0.07980 |      47.50376 |    -122.30824 |    1499.64844 |    1236.41919 |       1.00000 |    1508.93799 |      47.50000 |    -122.00000 |       0.14070 |       1.00000 | 
    292.26895 |      39.84925 |      39.84925 |       0.00000 |      20.29746 |      12.29746 |       0.52309 |      73.47867 |      73.12056 |      74.75022 |      76.42235 |      84.55775 |      86.02103 |      88.15956 |      -0.07931 |      -0.16339 |       0.00000 |       0.00000 |       0.00000 |       0.00000 |       0.00000 |       0.00000 |       0.00000 |      -0.11215 |      -0.14789 |       0.00469 |       0.00000 |       0.00000 |       0.00000 |       0.00000 |       0.33333 |       0.33333 |       0.00000 |       0.00000 |       0.00000 |      -2.59289 |      -1.53537 |     179.57349 |     164.22180 |       1.49975 |       0.25193 |     179.78163 |      -3.99572 |       0.09095 |      47.50372 |    -122.30824 |    1498.73877 |    1235.35864 |       1.00000 |    1507.99084 |      47.50000 |    -122.00000 |       0.14070 |       1.00000 | 
    292.33673 |      39.89950 |      39.89950 |       0.00000 |      20.29747 |      12.29747 |       0.52310 |      73.45937 |      73.09785 |      74.72651 |      76.40047 |      84.53553 |      85.99374 |      88.13215 |      -0.08500 |      -0.16339 |       0.00000 |       0.00000 |       0.00000 |       0.00000 |       0.00000 |       0.00000 |       0.00000 |      -0.11526 |      -0.14782 |       0.00472 |       0.00000 |       0.00000 |       0.00000 |       0.00000 |       0.33333 |       0.33333 |       0.00000 |       0.00000 |       0.00000 |      -2.59658 |      -1.71759 |     179.57889 |     164.22720 |       1.47377 |       0.27721 |     179.76622 |      -3.97532 |       0.09770 |      47.50371 |    -122.30824 |    1498.28796 |    1234.80664 |       1.00000 |    1507.51794 |      47.50000 |    -122.00000 |       0.14070 |       1.00000 | 
    292.50134 |      40.00000 |      40.00000 |       0.00000 |      20.29750 |      12.29750 |       0.52313 |      73.42039 |      73.05283 |      74.67949 |      76.35580 |      84.49068 |      85.93963 |      88.07771 |      -0.07613 |      -0.14781 |       0.00000 |       0.00000 |       0.00000 |       0.00000 |       0.00000 |       0.00000 |       0.00000 |      -0.10264 |      -0.13235 |       0.00486 |       0.00000 |       0.00000 |       0.00000 |       0.00000 |       0.33333 |       0.33333 |       0.00000 |       0.00000 |       0.00000 |      -2.62625 |      -2.07419 |     179.58633 |     164.23466 |       1.41282 |       0.32873 |     179.73024 |      -3.94797 |       0.11361 |      47.50367 |    -122.30824 |    1497.39185 |    1233.72510 |       1.00000 |    1506.57385 |      47.50000 |    -122.00000 |       0.14070 |       1.00000 | 
    292.64365 |      40.10050 |      40.10050 |       0.00000 |      20.29753 |      12.29753 |       0.52316 |      73.38095 |      73.00909 |      74.63379 |      76.31049 |      84.44529 |      85.88703 |      88.02464 |      -0.04990 |      -0.05053 |       0.00000 |       0.00000 |       0.00000 |       0.00000 |       0.00000 |       0.00000 |       0.00000 |      -0.07604 |      -0.03774 |       0.00511 |       0.00000 |       0.00000 |       0.00000 |       0.00000 |       0.33333 |       0.33333 |       0.00000 |       0.00000 |       0.00000 |      -2.66064 |      -2.30444 |     179.58443 |     164.23276 |       1.36797 |       0.37345 |     179.68880 |      -3.94054 |       0.13313 |      47.50364 |    -122.30824 |    1496.49963 |    1232.58728 |       1.00000 |    1505.63293 |      47.50000 |    -122.00000 |       0.14070 |       1.00000 | 
    292.78613 |      40.20100 |      40.20100 |       0.00000 |      20.29756 |      12.29756 |       0.52319 |      73.34109 |      72.96623 |      74.58900 |      76.26520 |      84.39942 |      85.83549 |      87.97256 |      -0.06821 |      -0.04361 |       0.00000 |       0.00000 |       0.00000 |       0.00000 |       0.00000 |       0.00000 |       0.00000 |      -0.09412 |      -0.03317 |       0.00551 |       0.00000 |       0.00000 |       0.00000 |       0.00000 |       0.33333 |       0.33333 |       0.00000 |       0.00000 |       0.00000 |      -2.68592 |      -2.41546 |     179.56689 |     164.21524 |       1.34246 |       0.40401 |     179.64363 |      -3.94212 |       0.15335 |      47.50360 |    -122.30824 |    1495.60815 |    1231.42505 |       1.00000 |    1504.69556 |      47.50000 |    -122.00000 |       0.14070 |       1.00000 | 
    292.92798 |      40.30151 |      40.30151 |       0.00000 |      20.29758 |      12.29758 |       0.52321 |      73.30085 |      72.92416 |      74.54500 |      76.22028 |      84.35311 |      85.78486 |      87.92139 |      -0.08247 |      -0.01093 |       0.00000 |       0.00000 |       0.00000 |       0.00000 |       0.00000 |       0.00000 |       0.00000 |      -0.10674 |      -0.00203 |       0.00597 |       0.00000 |       0.00000 |       0.00000 |       0.00000 |       0.33333 |       0.33333 |       0.00000 |       0.00000 |       0.00000 |      -2.71765 |      -2.46082 |     179.53169 |     164.18004 |       1.31611 |       0.41699 |     179.59679 |      -3.94813 |       0.17338 |      47.50357 |    -122.30824 |    1494.71631 |    1230.29541 |       1.00000 |    1503.76245 |      47.50000 |    -122.00000 |       0.14070 |       1.00000 | 
    293.06601 |      40.40201 |      40.40201 |       0.00000 |      20.29761 |      12.29761 |       0.52324 |      73.26035 |      72.88319 |      74.50214 |      76.17580 |      84.30650 |      85.73553 |      87.87150 |      -0.08786 |      -0.00921 |       0.00000 |       0.00000 |       0.00000 |       0.00000 |       0.00000 |       0.00000 |       0.00000 |      -0.11023 |      -0.00111 |       0.00643 |       0.00000 |       0.00000 |       0.00000 |       0.00000 |       0.33333 |       0.33333 |       0.00000 |       0.00000 |       0.00000 |      -2.76236 |      -2.46528 |     179.47826 |     164.12662 |       1.28524 |       0.41153 |     179.54903 |      -3.96140 |       0.19191 |      47.50353 |    -122.30824 |    1493.82251 |    1229.16260 |       1.00000 |    1502.83350 |      47.50000 |    -122.00000 |       0.14070 |       1.00000 | 
    293.15735 |      40.45226 |      40.45226 |       0.00000 |      20.29763 |      12.29763 |       0.52326 |      73.24003 |      72.86327 |      74.48129 |      76.15379 |      84.28312 |      85.71153 |      87.84718 |      -0.08786 |      -0.00921 |       0.00000 |       0.00000 |       0.00000 |       0.00000 |       0.00000 |       0.00000 |       0.00000 |      -0.10950 |      -0.00121 |       0.00665 |       0.00000 |       0.00000 |       0.00000 |       0.00000 |       0.33333 |       0.33333 |       0.00000 |       0.00000 |       0.00000 |      -2.78849 |      -2.46346 |     179.44501 |     164.09337 |       1.26989 |       0.40242 |     179.52495 |      -3.97151 |       0.20030 |      47.50351 |    -122.30824 |    1493.37439 |    1228.63318 |       1.00000 |    1502.37048 |      47.50000 |    -122.00000 |       0.14070 |       1.00000 | 
    293.30240 |      40.55276 |      40.55276 |       0.00000 |      20.29766 |      12.29765 |       0.52328 |      73.19934 |      72.82465 |      74.44083 |      76.11043 |      84.23630 |      85.66498 |      87.79999 |      -0.08993 |      -0.00921 |       0.00000 |       0.00000 |       0.00000 |       0.00000 |       0.00000 |       0.00000 |       0.00000 |      -0.11042 |      -0.00122 |       0.00705 |       0.00000 |       0.00000 |       0.00000 |       0.00000 |       0.33333 |       0.33333 |       0.00000 |       0.00000 |       0.00000 |      -2.84529 |      -2.45915 |     179.36690 |     164.01526 |       1.24163 |       0.37332 |     179.47615 |      -3.99810 |       0.21479 |      47.50348 |    -122.30824 |    1492.47424 |    1227.54395 |       1.00000 |    1501.44727 |      47.50000 |    -122.00000 |       0.14070 |       1.00000 | 
    293.43967 |      40.65327 |      40.65327 |       0.00000 |      20.29768 |      12.29768 |       0.52331 |      73.15869 |      72.78764 |      74.40199 |      76.06832 |      84.18952 |      85.62029 |      87.75465 |      -0.13586 |       0.00091 |       0.00000 |       0.00000 |       0.00000 |       0.00000 |       0.00000 |       0.00000 |       0.00000 |      -0.15256 |       0.00865 |       0.00736 |       0.00000 |       0.00000 |       0.00000 |       0.00000 |       0.33333 |       0.33333 |       0.00000 |       0.00000 |       0.00000 |      -2.92255 |      -2.44651 |     179.27652 |     163.92490 |       1.19694 |       0.33232 |     179.42610 |      -4.02809 |       0.22574 |      47.50344 |    -122.30824 |    1491.56799 |    1226.48535 |       1.00000 |    1500.52734 |      47.50000 |    -122.00000 |       0.14070 |       1.00000 | 
    293.57852 |      40.75377 |      40.75377 |       0.00000 |      20.29771 |      12.29771 |       0.52334 |      73.11827 |      72.74424 |      74.35663 |      76.02610 |      84.14301 |      85.56808 |      87.71194 |      -0.09893 |       0.02778 |       0.00000 |       0.00000 |       0.00000 |       0.00000 |       0.00000 |       0.00000 |       0.00000 |      -0.11233 |       0.03465 |       0.00761 |       0.00000 |       0.00000 |       0.00000 |       0.00000 |       0.33333 |       0.33333 |       0.00000 |       0.00000 |       0.00000 |      -3.02446 |      -2.40203 |     179.17682 |     163.82520 |       1.05910 |       0.27822 |     179.37575 |      -4.08340 |       0.23270 |      47.50341 |    -122.30824 |    1490.65283 |    1225.38879 |       1.00000 |    1499.61023 |      47.50000 |    -122.00000 |       0.14070 |       1.00000 | 
    293.65234 |      40.80402 |      40.80402 |       0.00000 |      20.29772 |      12.29772 |       0.52335 |      73.09814 |      72.71951 |      74.33085 |      76.00375 |      84.11983 |      85.53842 |      87.69141 |      -0.08356 |       0.03492 |       0.00000 |       0.00000 |       0.00000 |       0.00000 |       0.00000 |       0.00000 |       0.00000 |      -0.09647 |       0.04119 |       0.00771 |       0.00000 |       0.00000 |       0.00000 |       0.00000 |       0.33333 |       0.33333 |       0.00000 |       0.00000 |       0.00000 |      -3.06746 |      -2.36119 |     179.12370 |     163.77209 |       0.97846 |       0.24690 |     179.35097 |      -4.13125 |       0.23448 |      47.50339 |    -122.30824 |    1490.18860 |    1224.81909 |       1.00000 |    1499.15234 |      47.50000 |    -122.00000 |       0.14070 |       1.00000 | 
    293.80145 |      40.90452 |      40.90452 |       0.00000 |      20.29775 |      12.29775 |       0.52338 |      73.05786 |      72.67094 |      74.28018 |      75.95743 |      84.07349 |      85.48011 |      87.65161 |      -0.07125 |       0.04213 |       0.00000 |       0.00000 |       0.00000 |       0.00000 |       0.00000 |       0.00000 |       0.00000 |      -0.08613 |       0.04776 |       0.00781 |       0.00000 |       0.00000 |       0.00000 |       0.00000 |       0.33333 |       0.33333 |       0.00000 |       0.00000 |       0.00000 |      -3.11809 |      -2.25888 |     179.01289 |     163.66129 |       0.87855 |       0.18161 |     179.30200 |      -4.25295 |       0.23382 |      47.50335 |    -122.30824 |    1489.24097 |    1223.62732 |       1.00000 |    1498.23755 |      47.50000 |    -122.00000 |       0.14070 |       1.00000 | 
    293.94040 |      41.00502 |      41.00502 |       0.00000 |      20.29778 |      12.29778 |       0.52341 |      73.01740 |      72.62274 |      74.22985 |      75.90984 |      84.02692 |      85.42219 |      87.61283 |      -0.06504 |       0.08569 |       0.00000 |       0.00000 |       0.00000 |       0.00000 |       0.00000 |       0.00000 |       0.00000 |      -0.08368 |       0.09002 |       0.00780 |       0.00000 |       0.00000 |       0.00000 |       0.00000 |       0.33333 |       0.33333 |       0.00000 |       0.00000 |       0.00000 |      -3.11849 |      -2.10347 |     178.89990 |     163.54831 |       0.84607 |       0.11534 |     179.25394 |      -4.39250 |       0.22784 |      47.50332 |    -122.30824 |    1488.26367 |    1222.37903 |       1.00000 |    1497.32251 |      47.50000 |    -122.00000 |       0.14070 |       1.00000 | 
    294.00897 |      41.05527 |      41.05527 |       0.00000 |      20.29779 |      12.29779 |       0.52342 |      72.99703 |      72.59850 |      74.20453 |      75.88573 |      84.00349 |      85.39305 |      87.59351 |      -0.06255 |       0.10350 |       0.00000 |       0.00000 |       0.00000 |       0.00000 |       0.00000 |       0.00000 |       0.00000 |      -0.08340 |       0.10692 |       0.00777 |       0.00000 |       0.00000 |       0.00000 |       0.00000 |       0.33333 |       0.33333 |       0.00000 |       0.00000 |       0.00000 |      -3.10066 |      -1.99359 |     178.84380 |     163.49220 |       0.84955 |       0.08232 |     179.23047 |      -4.46438 |       0.22282 |      47.50330 |    -122.30824 |    1487.76318 |    1221.75427 |       1.00000 |    1496.86438 |      47.50000 |    -122.00000 |       0.14070 |       1.00000 | 
    294.10501 |      41.10553 |      41.10553 |       0.00000 |      20.29781 |      12.29781 |       0.52344 |      72.97655 |      72.57404 |      74.17899 |      75.86144 |      83.97991 |      85.36366 |      87.57409 |      -0.05612 |       0.10591 |       0.00000 |       0.00000 |       0.00000 |       0.00000 |       0.00000 |       0.00000 |       0.00000 |      -0.07946 |       0.10868 |       0.00771 |       0.00000 |       0.00000 |       0.00000 |       0.00000 |       0.33333 |       0.33333 |       0.00000 |       0.00000 |       0.00000 |      -3.07125 |      -1.87087 |     178.78857 |     163.43698 |       0.86400 |       0.04976 |     179.20755 |      -4.53603 |       0.21636 |      47.50328 |    -122.30824 |    1487.25476 |    1221.13354 |       1.00000 |    1496.40527 |      47.50000 |    -122.00000 |       0.14070 |       1.00000 | 
    294.21121 |      41.15578 |      41.15578 |       0.00000 |      20.29782 |      12.29782 |       0.52345 |      72.95593 |      72.54925 |      74.15308 |      75.83691 |      83.95619 |      85.33385 |      87.55441 |      -0.04540 |       0.12081 |       0.00000 |       0.00000 |       0.00000 |       0.00000 |       0.00000 |       0.00000 |       0.00000 |      -0.07165 |       0.12309 |       0.00763 |       0.00000 |       0.00000 |       0.00000 |       0.00000 |       0.33333 |       0.33333 |       0.00000 |       0.00000 |       0.00000 |      -3.02975 |      -1.73435 |     178.73470 |     163.38312 |       0.88899 |       0.01776 |     179.18544 |      -4.60659 |       0.20866 |      47.50327 |    -122.30824 |    1486.73840 |    1220.48633 |       1.00000 |    1495.94507 |      47.50000 |    -122.00000 |       0.14070 |       1.00000 | 
    294.33035 |      41.20603 |      41.20603 |       0.00000 |      20.29783 |      12.29784 |       0.52346 |      72.93517 |      72.52396 |      74.12667 |      75.81210 |      83.93229 |      85.30346 |      87.53421 |      -0.03559 |       0.17013 |       0.00000 |       0.00000 |       0.00000 |       0.00000 |       0.00000 |       0.00000 |       0.00000 |      -0.06509 |       0.17150 |       0.00754 |       0.00000 |       0.00000 |       0.00000 |       0.00000 |       0.33333 |       0.33333 |       0.00000 |       0.00000 |       0.00000 |      -2.97585 |      -1.56337 |     178.68240 |     163.33083 |       0.92352 |      -0.01420 |     179.16447 |      -4.67478 |       0.20010 |      47.50325 |    -122.30824 |    1486.21448 |    1219.85535 |       1.00000 |    1495.48352 |      47.50000 |    -122.00000 |       0.14070 |       1.00000 | 
    294.50412 |      41.30653 |      41.30653 |       0.00000 |      20.29786 |      12.29786 |       0.52349 |      72.89309 |      72.47131 |      74.07170 |      75.76184 |      83.88387 |      85.24020 |      87.49147 |      -0.06569 |       0.19799 |       0.00000 |       0.00000 |       0.00000 |       0.00000 |       0.00000 |       0.00000 |       0.00000 |      -0.09890 |       0.19716 |       0.00735 |       0.00000 |       0.00000 |       0.00000 |       0.00000 |       0.33333 |       0.33333 |       0.00000 |       0.00000 |       0.00000 |      -2.84345 |      -1.12910 |     178.58372 |     163.23215 |       0.99986 |      -0.07837 |     179.12651 |      -4.79575 |       0.17947 |      47.50321 |    -122.30824 |    1485.14575 |    1218.60645 |       1.00000 |    1494.55469 |      47.50000 |    -122.00000 |       0.14070 |       1.00000 | 
    294.64410 |      41.40704 |      41.40704 |       0.00000 |      20.29789 |      12.29789 |       0.52352 |      72.85012 |      72.41544 |      74.01342 |      75.71019 |      83.83443 |      85.17313 |      87.44473 |      -0.10540 |       0.19799 |       0.00000 |       0.00000 |       0.00000 |       0.00000 |       0.00000 |       0.00000 |       0.00000 |      -0.13585 |       0.19657 |       0.00708 |       0.00000 |       0.00000 |       0.00000 |       0.00000 |       0.33333 |       0.33333 |       0.00000 |       0.00000 |       0.00000 |      -2.72833 |      -0.65507 |     178.49670 |     163.14514 |       1.03490 |      -0.14077 |     179.09586 |      -4.89543 |       0.15370 |      47.50318 |    -122.30823 |    1484.05383 |    1217.36072 |       1.00000 |    1493.61658 |      47.50000 |    -122.00000 |       0.14070 |       1.00000 | 
    294.71268 |      41.45729 |      41.45729 |       0.00000 |      20.29791 |      12.29790 |       0.52353 |      72.82824 |      72.39941 |      73.99643 |      75.68497 |      83.80924 |      85.15358 |      87.42054 |      -0.10329 |       0.19799 |       0.00000 |       0.00000 |       0.00000 |       0.00000 |       0.00000 |       0.00000 |       0.00000 |      -0.13303 |       0.19649 |       0.00692 |       0.00000 |       0.00000 |       0.00000 |       0.00000 |       0.33333 |       0.33333 |       0.00000 |       0.00000 |       0.00000 |      -2.68475 |      -0.41502 |     178.45834 |     163.10678 |       1.17315 |      -0.17008 |     179.08380 |      -4.93317 |       0.13957 |      47.50316 |    -122.30823 |    1483.50061 |    1216.72009 |       1.00000 |    1493.14331 |      47.50000 |    -122.00000 |       0.14070 |       1.00000 | 
    294.78775 |      41.50754 |      41.50754 |       0.00000 |      20.29792 |      12.29792 |       0.52355 |      72.80618 |      72.38997 |      73.98618 |      75.66218 |      83.78386 |      85.14178 |      87.39638 |      -0.09031 |       0.20064 |       0.00000 |       0.00000 |       0.00000 |       0.00000 |       0.00000 |       0.00000 |       0.00000 |      -0.12241 |       0.19911 |       0.00676 |       0.00000 |       0.00000 |       0.00000 |       0.00000 |       0.33333 |       0.33333 |       0.00000 |       0.00000 |       0.00000 |      -2.65152 |      -0.17324 |     178.42352 |     163.07196 |       1.34680 |      -0.19950 |     179.07402 |      -4.94948 |       0.12508 |      47.50314 |    -122.30823 |    1482.94519 |    1216.06458 |       1.00000 |    1492.66687 |      47.50000 |    -122.00000 |       0.14070 |       1.00000 | 
    294.87112 |      41.55779 |      41.55779 |       0.00000 |      20.29793 |      12.29793 |       0.52356 |      72.78403 |      72.38140 |      73.97681 |      75.64159 |      83.75838 |      85.13100 |      87.37241 |      -0.07713 |       0.20064 |       0.00000 |       0.00000 |       0.00000 |       0.00000 |       0.00000 |       0.00000 |       0.00000 |      -0.11101 |       0.19906 |       0.00659 |       0.00000 |       0.00000 |       0.00000 |       0.00000 |       0.33333 |       0.33333 |       0.00000 |       0.00000 |       0.00000 |      -2.62856 |       0.06942 |     178.39227 |     163.04073 |       1.49136 |      -0.22931 |     179.06665 |      -4.94818 |       0.11027 |      47.50312 |    -122.30823 |    1482.38953 |    1215.42773 |       1.00000 |    1492.18713 |      47.50000 |    -122.00000 |       0.14070 |       1.00000 | 
    294.95187 |      41.60804 |      41.60804 |       0.00000 |      20.29795 |      12.29795 |       0.52358 |      72.76191 |      72.37356 |      73.96819 |      75.62297 |      83.73291 |      85.12109 |      87.34873 |      -0.07600 |       0.19216 |       0.00000 |       0.00000 |       0.00000 |       0.00000 |       0.00000 |       0.00000 |       0.00000 |      -0.11051 |       0.19059 |       0.00642 |       0.00000 |       0.00000 |       0.00000 |       0.00000 |       0.33333 |       0.33333 |       0.00000 |       0.00000 |       0.00000 |      -2.61717 |       0.30765 |     178.36469 |     163.01314 |       1.60798 |      -0.25905 |     179.06184 |      -4.93160 |       0.09506 |      47.50311 |    -122.30823 |    1481.83545 |    1214.76990 |       1.00000 |    1491.70398 |      47.50000 |    -122.00000 |       0.14070 |       1.00000 | 
    295.10342 |      41.70854 |      41.70854 |       0.00000 |      20.29798 |      12.29797 |       0.52360 |      72.71806 |      72.36004 |      73.95316 |      75.59119 |      83.68245 |      85.10378 |      87.30286 |      -0.11809 |       0.06775 |       0.00000 |       0.00000 |       0.00000 |       0.00000 |       0.00000 |       0.00000 |       0.00000 |      -0.14860 |       0.06858 |       0.00600 |       0.00000 |       0.00000 |       0.00000 |       0.00000 |       0.33333 |       0.33333 |       0.00000 |       0.00000 |       0.00000 |      -2.64488 |       0.65267 |     178.32196 |     162.97041 |       1.75148 |      -0.31081 |     179.05907 |      -4.86143 |       0.06290 |      47.50307 |    -122.30823 |    1480.73804 |    1213.42834 |       1.00000 |    1490.72778 |      47.50000 |    -122.00000 |       0.14070 |       1.00000 | 
    295.24689 |      41.80904 |      41.80904 |       0.00000 |      20.29800 |      12.29800 |       0.52363 |      72.67535 |      72.34982 |      73.94154 |      75.56504 |      83.63330 |      85.09041 |      87.26042 |      -0.15115 |       0.06231 |       0.00000 |       0.00000 |       0.00000 |       0.00000 |       0.00000 |       0.00000 |       0.00000 |      -0.17274 |       0.06605 |       0.00545 |       0.00000 |       0.00000 |       0.00000 |       0.00000 |       0.33333 |       0.33333 |       0.00000 |       0.00000 |       0.00000 |      -2.77125 |       0.84811 |     178.29941 |     162.94788 |       1.76910 |      -0.34480 |     179.06358 |      -4.76604 |       0.03148 |      47.50304 |    -122.30823 |    1479.66101 |    1212.08289 |       1.00000 |    1489.73816 |      47.50000 |    -122.00000 |       0.14070 |       1.00000 | 
    295.38727 |      41.90955 |      41.90955 |       0.00000 |      20.29803 |      12.29803 |       0.52366 |      72.63452 |      72.34547 |      73.93593 |      75.54383 |      83.58632 |      85.08395 |      87.22491 |      -0.14823 |       0.06231 |       0.00000 |       0.00000 |       0.00000 |       0.00000 |       0.00000 |       0.00000 |       0.00000 |      -0.16100 |       0.06665 |       0.00487 |       0.00000 |       0.00000 |       0.00000 |       0.00000 |       0.33333 |       0.33333 |       0.00000 |       0.00000 |       0.00000 |      -2.99335 |       1.00750 |     178.29808 |     162.94655 |       1.69741 |      -0.35975 |     179.07263 |      -4.67844 |       0.00141 |      47.50300 |    -122.30823 |    1478.60522 |    1210.79028 |       1.00000 |    1488.73657 |      47.50000 |    -122.00000 |       0.14070 |       1.00000 | 
    295.45877 |      41.95980 |      41.95980 |       0.00000 |      20.29805 |      12.29805 |       0.52367 |      72.61503 |      72.34444 |      73.93430 |      75.53495 |      83.56389 |      85.08207 |      87.21048 |      -0.14033 |       0.06231 |       0.00000 |       0.00000 |       0.00000 |       0.00000 |       0.00000 |       0.00000 |       0.00000 |      -0.14944 |       0.06670 |       0.00460 |       0.00000 |       0.00000 |       0.00000 |       0.00000 |       0.33333 |       0.33333 |       0.00000 |       0.00000 |       0.00000 |      -3.12988 |       1.08455 |     178.30501 |     162.95349 |       1.62925 |      -0.36027 |     179.07861 |      -4.64478 |      -0.01315 |      47.50298 |    -122.30823 |    1478.08374 |    1210.13867 |       1.00000 |    1488.23181 |      47.50000 |    -122.00000 |       0.14070 |       1.00000 | 
    295.54227 |      42.01005 |      42.01005 |       0.00000 |      20.29806 |      12.29806 |       0.52369 |      72.59628 |      72.33421 |      73.92327 |      75.52567 |      83.54230 |      85.06939 |      87.19794 |      -0.12885 |       0.06022 |       0.00000 |       0.00000 |       0.00000 |       0.00000 |       0.00000 |       0.00000 |       0.00000 |      -0.13392 |       0.06463 |       0.00434 |       0.00000 |       0.00000 |       0.00000 |       0.00000 |       0.33333 |       0.33333 |       0.00000 |       0.00000 |       0.00000 |      -3.27454 |       1.16034 |     178.31674 |     162.96523 |       1.46918 |      -0.35440 |     179.08543 |      -4.63004 |      -0.02737 |      47.50297 |    -122.30823 |    1477.56470 |    1209.51025 |       1.00000 |    1487.72485 |      47.50000 |    -122.00000 |       0.14070 |       1.00000 | 
    295.70502 |      42.11055 |      42.11055 |       0.00000 |      20.29809 |      12.29809 |       0.52372 |      72.56097 |      72.31881 |      73.90639 |      75.50597 |      83.50167 |      85.04996 |      87.17859 |      -0.09346 |       0.00844 |       0.00000 |       0.00000 |       0.00000 |       0.00000 |       0.00000 |       0.00000 |       0.00000 |      -0.09432 |       0.01441 |       0.00385 |       0.00000 |       0.00000 |       0.00000 |       0.00000 |       0.33333 |       0.33333 |       0.00000 |       0.00000 |       0.00000 |      -3.55275 |       1.25400 |     178.35484 |     163.00333 |       1.21909 |      -0.32918 |     179.10107 |      -4.65744 |      -0.05487 |      47.50293 |    -122.30823 |    1476.52466 |    1208.29163 |       1.00000 |    1486.70569 |      47.50000 |    -122.00000 |       0.14070 |       1.00000 | 
    295.77484 |      42.16080 |      42.16080 |       0.00000 |      20.29810 |      12.29810 |       0.52373 |      72.54439 |      72.31344 |      73.90034 |      75.49628 |      83.48259 |      85.04301 |      87.17161 |      -0.09346 |       0.00844 |       0.00000 |       0.00000 |       0.00000 |       0.00000 |       0.00000 |       0.00000 |       0.00000 |      -0.09423 |       0.01513 |       0.00361 |       0.00000 |       0.00000 |       0.00000 |       0.00000 |       0.33333 |       0.33333 |       0.00000 |       0.00000 |       0.00000 |      -3.67683 |       1.27714 |     178.38129 |     163.02979 |       1.13018 |      -0.31036 |     179.10992 |      -4.69131 |      -0.06728 |      47.50291 |    -122.30823 |    1476.00024 |    1207.54736 |       1.00000 |    1486.19385 |      47.50000 |    -122.00000 |       0.14070 |       1.00000 | 
    295.92389 |      42.26131 |      42.26131 |       0.00000 |      20.29813 |      12.29813 |       0.52376 |      72.51340 |      72.30712 |      73.89273 |      75.47838 |      83.44693 |      85.03424 |      87.16268 |      -0.09080 |       0.01242 |       0.00000 |       0.00000 |       0.00000 |       0.00000 |       0.00000 |       0.00000 |       0.00000 |      -0.09315 |       0.01946 |       0.00321 |       0.00000 |       0.00000 |       0.00000 |       0.00000 |       0.33333 |       0.33333 |       0.00000 |       0.00000 |       0.00000 |      -3.88952 |       1.31184 |     178.44685 |     163.09535 |       1.01446 |      -0.26311 |     179.12971 |      -4.78444 |      -0.08787 |      47.50288 |    -122.30822 |    1474.93689 |    1205.98059 |       1.00000 |    1485.16650 |      47.50000 |    -122.00000 |       0.14070 |       1.00000 | 
    296.06705 |      42.36181 |      42.36181 |       0.00000 |      20.29816 |      12.29816 |       0.52379 |      72.48526 |      72.30597 |      73.89039 |      75.46326 |      83.41455 |      85.03155 |      87.15978 |      -0.07918 |       0.04400 |       0.00000 |       0.00000 |       0.00000 |       0.00000 |       0.00000 |       0.00000 |       0.00000 |      -0.08520 |       0.04990 |       0.00292 |       0.00000 |       0.00000 |       0.00000 |       0.00000 |       0.33333 |       0.33333 |       0.00000 |       0.00000 |       0.00000 |      -4.05018 |       1.38578 |     178.52574 |     163.17426 |       0.97115 |      -0.20790 |     179.15248 |      -4.89738 |      -0.10270 |      47.50284 |    -122.30822 |    1473.84961 |    1204.35645 |       1.00000 |    1484.13464 |      47.50000 |    -122.00000 |       0.14070 |       1.00000 | 
    296.20844 |      42.46231 |      42.46231 |       0.00000 |      20.29818 |      12.29818 |       0.52381 |      72.46004 |      72.30901 |      73.89230 |      75.45179 |      83.38554 |      85.03374 |      87.16183 |      -0.07875 |       0.04943 |       0.00000 |       0.00000 |       0.00000 |       0.00000 |       0.00000 |       0.00000 |       0.00000 |      -0.08929 |       0.05433 |       0.00275 |       0.00000 |       0.00000 |       0.00000 |       0.00000 |       0.33333 |       0.33333 |       0.00000 |       0.00000 |       0.00000 |      -4.16066 |       1.50634 |     178.61290 |     163.26141 |       0.98123 |      -0.15076 |     179.17940 |      -5.01338 |      -0.11234 |      47.50281 |    -122.30822 |    1472.73657 |    1202.65881 |       1.00000 |    1483.09778 |      47.50000 |    -122.00000 |       0.14070 |       1.00000 | 
    296.35043 |      42.56281 |      42.56281 |       0.00000 |      20.29821 |      12.29821 |       0.52384 |      72.43771 |      72.31528 |      73.89746 |      75.44421 |      83.35983 |      85.03969 |      87.16770 |      -0.07948 |       0.04827 |       0.00000 |       0.00000 |       0.00000 |       0.00000 |       0.00000 |       0.00000 |       0.00000 |      -0.09409 |       0.05293 |       0.00269 |       0.00000 |       0.00000 |       0.00000 |       0.00000 |       0.33333 |       0.33333 |       0.00000 |       0.00000 |       0.00000 |      -4.23310 |       1.64022 |     178.70375 |     163.35228 |       1.02173 |      -0.09650 |     179.21155 |      -5.12181 |      -0.11704 |      47.50277 |    -122.30822 |    1471.59839 |    1200.93335 |       1.00000 |    1482.05518 |      47.50000 |    -122.00000 |       0.14070 |       1.00000 | 
    296.43732 |      42.61306 |      42.61306 |       0.00000 |      20.29823 |      12.29823 |       0.52386 |      72.42764 |      72.31941 |      73.90106 |      75.44180 |      83.34824 |      85.04382 |      87.17183 |      -0.06967 |       0.04612 |       0.00000 |       0.00000 |       0.00000 |       0.00000 |       0.00000 |       0.00000 |       0.00000 |      -0.08641 |       0.05077 |       0.00270 |       0.00000 |       0.00000 |       0.00000 |       0.00000 |       0.33333 |       0.33333 |       0.00000 |       0.00000 |       0.00000 |      -4.25743 |       1.70723 |     178.74937 |     163.39790 |       1.05005 |      -0.07154 |     179.22966 |      -5.17229 |      -0.11763 |      47.50275 |    -122.30822 |    1471.02063 |    1200.03210 |       1.00000 |    1481.53125 |      47.50000 |    -122.00000 |       0.14070 |       1.00000 | 
    296.58337 |      42.71357 |      42.71357 |       0.00000 |      20.29825 |      12.29825 |       0.52388 |      72.40961 |      72.32915 |      73.90974 |      75.43957 |      83.32750 |      85.05382 |      87.18188 |      -0.05212 |       0.01484 |       0.00000 |       0.00000 |       0.00000 |       0.00000 |       0.00000 |       0.00000 |       0.00000 |      -0.07392 |       0.02028 |       0.00276 |       0.00000 |       0.00000 |       0.00000 |       0.00000 |       0.33333 |       0.33333 |       0.00000 |       0.00000 |       0.00000 |      -4.27967 |       1.81369 |     178.83954 |     163.48807 |       1.12290 |      -0.02681 |     179.26962 |      -5.26326 |      -0.11598 |      47.50272 |    -122.30822 |    1469.84924 |    1198.26746 |       1.00000 |    1480.47754 |      47.50000 |    -122.00000 |       0.14070 |       1.00000 | 
    296.73068 |      42.81407 |      42.81407 |       0.00000 |      20.29828 |      12.29828 |       0.52391 |      72.39439 |      72.34002 |      73.91956 |      75.44057 |      83.30997 |      85.06512 |      87.19337 |      -0.03719 |      -0.00065 |       0.00000 |       0.00000 |       0.00000 |       0.00000 |       0.00000 |       0.00000 |       0.00000 |      -0.06430 |       0.00608 |       0.00285 |       0.00000 |       0.00000 |       0.00000 |       0.00000 |       0.33333 |       0.33333 |       0.00000 |       0.00000 |       0.00000 |      -4.26857 |       1.86498 |     178.92725 |     163.57579 |       1.21068 |       0.01147 |     179.31389 |      -5.33637 |      -0.11080 |      47.50269 |    -122.30822 |    1468.65967 |    1196.48145 |       1.00000 |    1479.41455 |      47.50000 |    -122.00000 |       0.14070 |       1.00000 | 
    296.87421 |      42.91457 |      42.91457 |       0.00000 |      20.29831 |      12.29831 |       0.52394 |      72.38182 |      72.35109 |      73.92957 |      75.44426 |      83.29552 |      85.07664 |      87.20516 |      -0.02300 |      -0.00550 |       0.00000 |       0.00000 |       0.00000 |       0.00000 |       0.00000 |       0.00000 |       0.00000 |      -0.05581 |       0.00185 |       0.00296 |       0.00000 |       0.00000 |       0.00000 |       0.00000 |       0.33333 |       0.33333 |       0.00000 |       0.00000 |       0.00000 |      -4.22456 |       1.88796 |     179.01158 |     163.66013 |       1.31025 |       0.04337 |     179.36116 |      -5.38907 |      -0.10274 |      47.50265 |    -122.30822 |    1467.45654 |    1194.74731 |       1.00000 |    1478.34119 |      47.50000 |    -122.00000 |       0.14070 |       1.00000 | 
    297.01492 |      43.01508 |      43.01508 |       0.00000 |      20.29834 |      12.29834 |       0.52397 |      72.37174 |      72.36140 |      73.93878 |      75.45015 |      83.28391 |      85.08723 |      87.21617 |      -0.01312 |      -0.00639 |       0.00000 |       0.00000 |       0.00000 |       0.00000 |       0.00000 |       0.00000 |       0.00000 |      -0.05095 |       0.00116 |       0.00309 |       0.00000 |       0.00000 |       0.00000 |       0.00000 |       0.33333 |       0.33333 |       0.00000 |       0.00000 |       0.00000 |      -4.15437 |       1.90082 |     179.09149 |     163.74005 |       1.41167 |       0.06863 |     179.41075 |      -5.41826 |      -0.09281 |      47.50262 |    -122.30822 |    1466.24463 |    1193.02112 |       1.00000 |    1477.25647 |      47.50000 |    -122.00000 |       0.14070 |       1.00000 | 
    297.15723 |      43.11558 |      43.11558 |       0.00000 |      20.29837 |      12.29837 |       0.52400 |      72.36391 |      72.37021 |      73.94646 |      75.45744 |      83.27491 |      85.09607 |      87.22553 |      -0.00204 |      -0.00821 |       0.00000 |       0.00000 |       0.00000 |       0.00000 |       0.00000 |       0.00000 |       0.00000 |      -0.04436 |      -0.00054 |       0.00325 |       0.00000 |       0.00000 |       0.00000 |       0.00000 |       0.33333 |       0.33333 |       0.00000 |       0.00000 |       0.00000 |      -4.06442 |       1.90965 |     179.16595 |     163.81451 |       1.50930 |       0.08686 |     179.46211 |      -5.42473 |      -0.08183 |      47.50258 |    -122.30822 |    1465.02942 |    1191.26978 |       1.00000 |    1476.15979 |      47.50000 |    -122.00000 |       0.14070 |       1.00000 | 
    297.31198 |      43.21608 |      43.21608 |       0.00000 |      20.29840 |      12.29839 |       0.52402 |      72.35808 |      72.37686 |      73.95193 |      75.46536 |      83.26819 |      85.10236 |      87.23243 |      -0.00172 |      -0.01174 |       0.00000 |       0.00000 |       0.00000 |       0.00000 |       0.00000 |       0.00000 |       0.00000 |      -0.04714 |      -0.00394 |       0.00341 |       0.00000 |       0.00000 |       0.00000 |       0.00000 |       0.33333 |       0.33333 |       0.00000 |       0.00000 |       0.00000 |      -3.96210 |       1.91410 |     179.23441 |     163.88298 |       1.59629 |       0.09809 |     179.51486 |      -5.40898 |      -0.07049 |      47.50254 |    -122.30822 |    1463.81567 |    1189.52319 |       1.00000 |    1475.05139 |      47.50000 |    -122.00000 |       0.14070 |       1.00000 | 
    297.45673 |      43.31658 |      43.31658 |       0.00000 |      20.29842 |      12.29842 |       0.52405 |      72.35384 |      72.38091 |      73.95473 |      75.47308 |      83.26332 |      85.10560 |      87.23636 |      -0.00068 |      -0.02394 |       0.00000 |       0.00000 |       0.00000 |       0.00000 |       0.00000 |       0.00000 |       0.00000 |      -0.04787 |      -0.01567 |       0.00356 |       0.00000 |       0.00000 |       0.00000 |       0.00000 |       0.33333 |       0.33333 |       0.00000 |       0.00000 |       0.00000 |      -3.85760 |       1.90232 |     179.29662 |     163.94519 |       1.66577 |       0.10335 |     179.56841 |      -5.37430 |      -0.05939 |      47.50251 |    -122.30822 |    1462.60803 |    1187.71533 |       1.00000 |    1473.93127 |      47.50000 |    -122.00000 |       0.14070 |       1.00000 | 
    297.61249 |      43.41709 |      43.41709 |       0.00000 |      20.29845 |      12.29845 |       0.52408 |      72.35088 |      72.38211 |      73.95466 |      75.47983 |      83.25990 |      85.10550 |      87.23704 |      -0.01133 |      -0.07898 |       0.00000 |       0.00000 |       0.00000 |       0.00000 |       0.00000 |       0.00000 |       0.00000 |      -0.05830 |      -0.06931 |       0.00370 |       0.00000 |       0.00000 |       0.00000 |       0.00000 |       0.33333 |       0.33333 |       0.00000 |       0.00000 |       0.00000 |      -3.76042 |       1.84246 |     179.35307 |     164.00166 |       1.71207 |       0.10535 |     179.62173 |      -5.32441 |      -0.04900 |      47.50248 |    -122.30822 |    1461.41040 |    1185.90344 |       1.00000 |    1472.80029 |      47.50000 |    -122.00000 |       0.14070 |       1.00000 | 
    297.75076 |      43.51759 |      43.51759 |       0.00000 |      20.29848 |      12.29848 |       0.52411 |      72.34885 |      72.38067 |      73.95187 |      75.48483 |      83.25757 |      85.10230 |      87.23458 |      -0.01232 |      -0.09639 |       0.00000 |       0.00000 |       0.00000 |       0.00000 |       0.00000 |       0.00000 |       0.00000 |      -0.05813 |      -0.08453 |       0.00376 |       0.00000 |       0.00000 |       0.00000 |       0.00000 |       0.33333 |       0.33333 |       0.00000 |       0.00000 |       0.00000 |      -3.67965 |       1.67804 |     179.40587 |     164.05447 |       1.73298 |       0.10987 |     179.67299 |      -5.26599 |      -0.03893 |      47.50244 |    -122.30822 |    1460.22522 |    1184.16541 |       1.00000 |    1471.66003 |      47.50000 |    -122.00000 |       0.14070 |       1.00000 | 
    297.91043 |      43.61809 |      43.61809 |       0.00000 |      20.29851 |      12.29850 |       0.52413 |      72.34742 |      72.37683 |      73.94667 |      75.48772 |      83.25593 |      85.09631 |      87.22943 |      -0.01424 |      -0.09810 |       0.00000 |       0.00000 |       0.00000 |       0.00000 |       0.00000 |       0.00000 |       0.00000 |      -0.05847 |      -0.08556 |       0.00379 |       0.00000 |       0.00000 |       0.00000 |       0.00000 |       0.33333 |       0.33333 |       0.00000 |       0.00000 |       0.00000 |      -3.61513 |       1.47536 |     179.45670 |     164.10530 |       1.73424 |       0.11849 |     179.72006 |      -5.20514 |      -0.02827 |      47.50241 |    -122.30822 |    1459.05359 |    1182.96411 |       1.00000 |    1470.51196 |      47.50000 |    -122.00000 |       0.14070 |       1.00000 | 
    297.98160 |      43.66834 |      43.66834 |       0.00000 |      20.29852 |      12.29852 |       0.52415 |      72.34682 |      72.37419 |      73.94334 |      75.48833 |      83.25524 |      85.09248 |      87.22599 |      -0.01359 |      -0.10063 |       0.00000 |       0.00000 |       0.00000 |       0.00000 |       0.00000 |       0.00000 |       0.00000 |      -0.05713 |      -0.08796 |       0.00380 |       0.00000 |       0.00000 |       0.00000 |       0.00000 |       0.33333 |       0.33333 |       0.00000 |       0.00000 |       0.00000 |      -3.58794 |       1.36879 |     179.48145 |     164.13005 |       1.73036 |       0.12437 |     179.74171 |      -5.17523 |      -0.02282 |      47.50239 |    -122.30822 |    1458.47290 |    1182.40820 |       1.00000 |    1469.93555 |      47.50000 |    -122.00000 |       0.14070 |       1.00000 | 
    298.14166 |      43.76884 |      43.76884 |       0.00000 |      20.29855 |      12.29855 |       0.52418 |      72.34576 |      72.36767 |      73.93540 |      75.48782 |      83.25402 |      85.08335 |      87.21758 |      -0.00906 |      -0.10063 |       0.00000 |       0.00000 |       0.00000 |       0.00000 |       0.00000 |       0.00000 |       0.00000 |      -0.05173 |      -0.08783 |       0.00384 |       0.00000 |       0.00000 |       0.00000 |       0.00000 |       0.33333 |       0.33333 |       0.00000 |       0.00000 |       0.00000 |      -3.53955 |       1.15162 |     179.52943 |     164.17805 |       1.71936 |       0.13874 |     179.78108 |      -5.11807 |      -0.01166 |      47.50235 |    -122.30821 |    1457.32129 |    1181.28101 |       1.00000 |    1468.77905 |      47.50000 |    -122.00000 |       0.14070 |       1.00000 | 
    298.28616 |      43.86935 |      43.86935 |       0.00000 |      20.29857 |      12.29858 |       0.52420 |      72.34466 |      72.35957 |      73.92590 |      75.48524 |      83.25275 |      85.07240 |      87.20727 |      -0.01200 |      -0.09782 |       0.00000 |       0.00000 |       0.00000 |       0.00000 |       0.00000 |       0.00000 |       0.00000 |      -0.05389 |      -0.08503 |       0.00390 |       0.00000 |       0.00000 |       0.00000 |       0.00000 |       0.33333 |       0.33333 |       0.00000 |       0.00000 |       0.00000 |      -3.49531 |       0.93484 |     179.57489 |     164.22351 |       1.70743 |       0.15585 |     179.81525 |      -5.06402 |      -0.00000 |      47.50232 |    -122.30821 |    1456.18213 |    1180.21191 |       1.00000 |    1467.61914 |      47.50000 |    -122.00000 |       0.14070 |       1.00000 | 
    298.42999 |      43.96985 |      43.96985 |       0.00000 |      20.29860 |      12.29860 |       0.52423 |      72.34330 |      72.35014 |      73.91502 |      75.48078 |      83.25118 |      85.05988 |      87.19533 |      -0.00792 |      -0.01447 |       0.00000 |       0.00000 |       0.00000 |       0.00000 |       0.00000 |       0.00000 |       0.00000 |      -0.04947 |      -0.00422 |       0.00401 |       0.00000 |       0.00000 |       0.00000 |       0.00000 |       0.33333 |       0.33333 |       0.00000 |       0.00000 |       0.00000 |      -3.45373 |       0.81802 |     179.61591 |     164.26454 |       1.69663 |       0.16974 |     179.84526 |      -5.01345 |       0.01281 |      47.50228 |    -122.30821 |    1455.05469 |    1179.11218 |       1.00000 |    1466.45789 |      47.50000 |    -122.00000 |       0.14070 |       1.00000 | 
    298.51352 |      44.02010 |      44.02010 |       0.00000 |      20.29862 |      12.29862 |       0.52425 |      72.34245 |      72.34491 |      73.90905 |      75.47785 |      83.25021 |      85.05302 |      87.18874 |      -0.00792 |      -0.00992 |       0.00000 |       0.00000 |       0.00000 |       0.00000 |       0.00000 |       0.00000 |       0.00000 |      -0.04948 |      -0.00094 |       0.00411 |       0.00000 |       0.00000 |       0.00000 |       0.00000 |       0.33333 |       0.33333 |       0.00000 |       0.00000 |       0.00000 |      -3.43234 |       0.80088 |     179.63359 |     164.28223 |       1.69315 |       0.17368 |     179.85922 |      -4.98936 |       0.01894 |      47.50227 |    -122.30821 |    1454.49512 |    1178.56763 |       1.00000 |    1465.87720 |      47.50000 |    -122.00000 |       0.14070 |       1.00000 | 
    298.67361 |      44.12060 |      44.12060 |       0.00000 |      20.29865 |      12.29865 |       0.52427 |      72.34033 |      72.33341 |      73.89608 |      75.47077 |      83.24777 |      85.03810 |      87.17433 |      -0.01051 |      -0.00992 |       0.00000 |       0.00000 |       0.00000 |       0.00000 |       0.00000 |       0.00000 |       0.00000 |      -0.05195 |      -0.00183 |       0.00433 |       0.00000 |       0.00000 |       0.00000 |       0.00000 |       0.33333 |       0.33333 |       0.00000 |       0.00000 |       0.00000 |      -3.38862 |       0.79250 |     179.66228 |     164.31093 |       1.68830 |       0.17485 |     179.88640 |      -4.94228 |       0.03012 |      47.50223 |    -122.30821 |    1453.38403 |    1177.42322 |       1.00000 |    1464.71680 |      47.50000 |    -122.00000 |       0.14070 |       1.00000 | 
    298.81583 |      44.22111 |      44.22111 |       0.00000 |      20.29867 |      12.29867 |       0.52430 |      72.33756 |      72.32050 |      73.88170 |      75.46208 |      83.24458 |      85.02155 |      87.15828 |      -0.01235 |      -0.00992 |       0.00000 |       0.00000 |       0.00000 |       0.00000 |       0.00000 |       0.00000 |       0.00000 |      -0.05351 |      -0.00198 |       0.00455 |       0.00000 |       0.00000 |       0.00000 |       0.00000 |       0.33333 |       0.33333 |       0.00000 |       0.00000 |       0.00000 |      -3.34559 |       0.79332 |     179.68222 |     164.33087 |       1.68391 |       0.16757 |     179.91307 |      -4.89638 |       0.04007 |      47.50219 |    -122.30821 |    1452.28357 |    1176.28040 |       1.00000 |    1463.55859 |      47.50000 |    -122.00000 |       0.14070 |       1.00000 | 
    298.88644 |      44.27136 |      44.27136 |       0.00000 |      20.29869 |      12.29869 |       0.52432 |      72.33588 |      72.31357 |      73.87401 |      75.45712 |      83.24265 |      85.01270 |      87.14966 |      -0.01235 |      -0.01067 |       0.00000 |       0.00000 |       0.00000 |       0.00000 |       0.00000 |       0.00000 |       0.00000 |      -0.05342 |      -0.00272 |       0.00464 |       0.00000 |       0.00000 |       0.00000 |       0.00000 |       0.33333 |       0.33333 |       0.00000 |       0.00000 |       0.00000 |      -3.32437 |       0.79380 |     179.68924 |     164.33789 |       1.68202 |       0.16119 |     179.92621 |      -4.87404 |       0.04450 |      47.50218 |    -122.30821 |    1451.73718 |    1175.70471 |       1.00000 |    1462.98071 |      47.50000 |    -122.00000 |       0.14070 |       1.00000 | 
    299.03967 |      44.37186 |      44.37186 |       0.00000 |      20.29872 |      12.29871 |       0.52434 |      72.33189 |      72.29862 |      73.85756 |      75.44610 |      83.23805 |      84.99377 |      87.13120 |      -0.02205 |      -0.05492 |       0.00000 |       0.00000 |       0.00000 |       0.00000 |       0.00000 |       0.00000 |       0.00000 |      -0.06231 |      -0.04589 |       0.00480 |       0.00000 |       0.00000 |       0.00000 |       0.00000 |       0.33333 |       0.33333 |       0.00000 |       0.00000 |       0.00000 |      -3.28419 |       0.76173 |     179.69846 |     164.34712 |       1.67623 |       0.14548 |     179.95168 |      -4.82972 |       0.05184 |      47.50214 |    -122.30821 |    1450.65210 |    1174.59778 |       1.00000 |    1461.82813 |      47.50000 |    -122.00000 |       0.14070 |       1.00000 | 
    299.11490 |      44.42211 |      44.42211 |       0.00000 |      20.29873 |      12.29873 |       0.52436 |      72.32954 |      72.29051 |      73.84868 |      75.44009 |      83.23536 |      84.98354 |      87.12122 |      -0.05098 |      -0.11242 |       0.00000 |       0.00000 |       0.00000 |       0.00000 |       0.00000 |       0.00000 |       0.00000 |      -0.08886 |      -0.10159 |       0.00485 |       0.00000 |       0.00000 |       0.00000 |       0.00000 |       0.33333 |       0.33333 |       0.00000 |       0.00000 |       0.00000 |      -3.27198 |       0.68742 |     179.70155 |     164.35022 |       1.66367 |       0.13888 |     179.96347 |      -4.80594 |       0.05457 |      47.50212 |    -122.30821 |    1450.11340 |    1174.04468 |       1.00000 |    1461.25366 |      47.50000 |    -122.00000 |       0.14070 |       1.00000 | 
    299.26340 |      44.52261 |      44.52261 |       0.00000 |      20.29876 |      12.29876 |       0.52439 |      72.32412 |      72.27359 |      73.83022 |      75.42686 |      83.22911 |      84.96230 |      87.10035 |      -0.07995 |      -0.15665 |       0.00000 |       0.00000 |       0.00000 |       0.00000 |       0.00000 |       0.00000 |       0.00000 |      -0.11111 |      -0.14240 |       0.00483 |       0.00000 |       0.00000 |       0.00000 |       0.00000 |       0.33333 |       0.33333 |       0.00000 |       0.00000 |       0.00000 |      -3.28604 |       0.40903 |     179.70792 |     164.35660 |       1.60361 |       0.13349 |     179.98334 |      -4.76201 |       0.05987 |      47.50209 |    -122.30821 |    1449.04407 |    1173.01318 |       1.00000 |    1460.10901 |      47.50000 |    -122.00000 |       0.14070 |       1.00000 | 
    299.40741 |      44.62312 |      44.62312 |       0.00000 |      20.29879 |      12.29879 |       0.52441 |      72.31776 |      72.25751 |      73.81263 |      75.41190 |      83.22180 |      84.94206 |      87.08037 |      -0.03810 |      -0.08256 |       0.00000 |       0.00000 |       0.00000 |       0.00000 |       0.00000 |       0.00000 |       0.00000 |      -0.06708 |      -0.06863 |       0.00478 |       0.00000 |       0.00000 |       0.00000 |       0.00000 |       0.33333 |       0.33333 |       0.00000 |       0.00000 |       0.00000 |      -3.32792 |       0.13309 |     179.71634 |     164.36502 |       1.53899 |       0.13650 |     179.99640 |      -4.74064 |       0.06682 |      47.50206 |    -122.30821 |    1447.98181 |    1171.99500 |       1.00000 |    1458.97021 |      47.50000 |    -122.00000 |       0.14070 |       1.00000 | 
    299.49170 |      44.67337 |      44.67337 |       0.00000 |      20.29880 |      12.29880 |       0.52443 |      72.31425 |      72.24992 |      73.80430 |      75.40400 |      83.21775 |      84.93247 |      87.07084 |      -0.02832 |      -0.05735 |       0.00000 |       0.00000 |       0.00000 |       0.00000 |       0.00000 |       0.00000 |       0.00000 |      -0.05778 |      -0.04482 |       0.00478 |       0.00000 |       0.00000 |       0.00000 |       0.00000 |       0.33333 |       0.33333 |       0.00000 |       0.00000 |       0.00000 |      -3.34446 |       0.04262 |     179.72064 |     164.36932 |       1.51885 |       0.13908 |     180.00052 |      -4.73741 |       0.07049 |      47.50204 |    -122.30821 |    1447.45178 |    1171.49744 |       1.00000 |    1458.40344 |      47.50000 |    -122.00000 |       0.14070 |       1.00000 | 
    299.58936 |      44.72362 |      44.72362 |       0.00000 |      20.29881 |      12.29881 |       0.52444 |      72.31052 |      72.24250 |      73.79615 |      75.39603 |      83.21346 |      84.92310 |      87.06151 |      -0.02664 |      -0.05440 |       0.00000 |       0.00000 |       0.00000 |       0.00000 |       0.00000 |       0.00000 |       0.00000 |      -0.05681 |      -0.04292 |       0.00480 |       0.00000 |       0.00000 |       0.00000 |       0.00000 |       0.33333 |       0.33333 |       0.00000 |       0.00000 |       0.00000 |      -3.35572 |      -0.02831 |     179.72447 |     164.37317 |       1.50629 |       0.14189 |     180.00340 |      -4.73638 |       0.07383 |      47.50202 |    -122.30821 |    1446.92188 |    1170.97290 |       1.00000 |    1457.83838 |      47.50000 |    -122.00000 |       0.14070 |       1.00000 | 
    299.74045 |      44.82412 |      44.82412 |       0.00000 |      20.29884 |      12.29884 |       0.52447 |      72.30244 |      72.22796 |      73.78013 |      75.38005 |      83.20416 |      84.90466 |      87.04314 |      -0.02899 |      -0.05669 |       0.00000 |       0.00000 |       0.00000 |       0.00000 |       0.00000 |       0.00000 |       0.00000 |      -0.06065 |      -0.04588 |       0.00487 |       0.00000 |       0.00000 |       0.00000 |       0.00000 |       0.33333 |       0.33333 |       0.00000 |       0.00000 |       0.00000 |      -3.36402 |      -0.15018 |     179.73018 |     164.37888 |       1.49817 |       0.14768 |     180.00650 |      -4.73699 |       0.07983 |      47.50198 |    -122.30821 |    1445.86230 |    1169.95056 |       1.00000 |    1456.71326 |      47.50000 |    -122.00000 |       0.14070 |       1.00000 | 
    299.81216 |      44.87437 |      44.87437 |       0.00000 |      20.29885 |      12.29885 |       0.52448 |      72.29810 |      72.22076 |      73.77221 |      75.37210 |      83.19917 |      84.89555 |      87.03402 |      -0.02899 |      -0.05669 |       0.00000 |       0.00000 |       0.00000 |       0.00000 |       0.00000 |       0.00000 |       0.00000 |      -0.06135 |      -0.04595 |       0.00490 |       0.00000 |       0.00000 |       0.00000 |       0.00000 |       0.33333 |       0.33333 |       0.00000 |       0.00000 |       0.00000 |      -3.36258 |      -0.20843 |     179.73195 |     164.38065 |       1.49994 |       0.15059 |     180.00691 |      -4.73752 |       0.08271 |      47.50197 |    -122.30821 |    1445.33252 |    1169.40186 |       1.00000 |    1456.15320 |      47.50000 |    -122.00000 |       0.14070 |       1.00000 | 
    299.96210 |      44.97488 |      44.97488 |       0.00000 |      20.29888 |      12.29888 |       0.52451 |      72.28888 |      72.20632 |      73.75630 |      75.35627 |      83.18856 |      84.87724 |      87.01572 |      -0.03019 |      -0.04824 |       0.00000 |       0.00000 |       0.00000 |       0.00000 |       0.00000 |       0.00000 |       0.00000 |      -0.06372 |      -0.03770 |       0.00497 |       0.00000 |       0.00000 |       0.00000 |       0.00000 |       0.33333 |       0.33333 |       0.00000 |       0.00000 |       0.00000 |      -3.35176 |      -0.31794 |     179.73329 |     164.38200 |       1.51012 |       0.15617 |     180.00572 |      -4.73730 |       0.08848 |      47.50193 |    -122.30821 |    1444.27307 |    1168.32178 |       1.00000 |    1455.03845 |      47.50000 |    -122.00000 |       0.14070 |       1.00000 | 
    300.10605 |      45.07538 |      45.07538 |       0.00000 |      20.29891 |      12.29891 |       0.52454 |      72.27898 |      72.19160 |      73.74012 |      75.34057 |      83.17717 |      84.85862 |      86.99708 |      -0.04213 |      -0.04527 |       0.00000 |       0.00000 |       0.00000 |       0.00000 |       0.00000 |       0.00000 |       0.00000 |      -0.07571 |      -0.03507 |       0.00505 |       0.00000 |       0.00000 |       0.00000 |       0.00000 |       0.33333 |       0.33333 |       0.00000 |       0.00000 |       0.00000 |      -3.33727 |      -0.41237 |     179.73140 |     164.38011 |       1.52022 |       0.16080 |     180.00195 |      -4.73335 |       0.09416 |      47.50190 |    -122.30821 |    1443.21448 |    1167.19653 |       1.00000 |    1453.92993 |      47.50000 |    -122.00000 |       0.14070 |       1.00000 | 
    300.24768 |      45.17588 |      45.17588 |       0.00000 |      20.29894 |      12.29894 |       0.52457 |      72.26847 |      72.17662 |      73.72366 |      75.32481 |      83.16508 |      84.83968 |      86.97810 |      -0.04791 |      -0.04527 |       0.00000 |       0.00000 |       0.00000 |       0.00000 |       0.00000 |       0.00000 |       0.00000 |      -0.08048 |      -0.03517 |       0.00514 |       0.00000 |       0.00000 |       0.00000 |       0.00000 |       0.33333 |       0.33333 |       0.00000 |       0.00000 |       0.00000 |      -3.33061 |      -0.50079 |     179.72607 |     164.37480 |       1.52010 |       0.16415 |     179.99585 |      -4.72709 |       0.09958 |      47.50186 |    -122.30821 |    1442.15723 |    1166.11865 |       1.00000 |    1452.82739 |      47.50000 |    -122.00000 |       0.14070 |       1.00000 | 
    300.31903 |      45.22613 |      45.22613 |       0.00000 |      20.29895 |      12.29895 |       0.52458 |      72.26299 |      72.16911 |      73.71542 |      75.31686 |      83.15876 |      84.83018 |      86.96859 |      -0.04791 |      -0.04527 |       0.00000 |       0.00000 |       0.00000 |       0.00000 |       0.00000 |       0.00000 |       0.00000 |      -0.08003 |      -0.03518 |       0.00519 |       0.00000 |       0.00000 |       0.00000 |       0.00000 |       0.33333 |       0.33333 |       0.00000 |       0.00000 |       0.00000 |      -3.33057 |      -0.54447 |     179.72209 |     164.37082 |       1.51732 |       0.16530 |     179.99196 |      -4.72449 |       0.10220 |      47.50185 |    -122.30821 |    1441.62927 |    1165.57239 |       1.00000 |    1452.27832 |      47.50000 |    -122.00000 |       0.14070 |       1.00000 | 
    300.47507 |      45.32663 |      45.32663 |       0.00000 |      20.29898 |      12.29898 |       0.52461 |      72.25164 |      72.15418 |      73.69902 |      75.30080 |      83.14571 |      84.81132 |      86.94964 |      -0.04791 |      -0.04527 |       0.00000 |       0.00000 |       0.00000 |       0.00000 |       0.00000 |       0.00000 |       0.00000 |      -0.07923 |      -0.03518 |       0.00528 |       0.00000 |       0.00000 |       0.00000 |       0.00000 |       0.33333 |       0.33333 |       0.00000 |       0.00000 |       0.00000 |      -3.33541 |      -0.63173 |     179.71150 |     164.36024 |       1.50879 |       0.16669 |     179.98254 |      -4.72119 |       0.10726 |      47.50181 |    -122.30821 |    1440.57410 |    1164.55444 |       1.00000 |    1451.18396 |      47.50000 |    -122.00000 |       0.14070 |       1.00000 | 
    300.61407 |      45.42714 |      45.42714 |       0.00000 |      20.29901 |      12.29901 |       0.52464 |      72.23982 |      72.13951 |      73.68288 |      75.28465 |      83.13210 |      84.79275 |      86.93094 |      -0.04791 |      -0.04527 |       0.00000 |       0.00000 |       0.00000 |       0.00000 |       0.00000 |       0.00000 |       0.00000 |      -0.07862 |      -0.03517 |       0.00536 |       0.00000 |       0.00000 |       0.00000 |       0.00000 |       0.33333 |       0.33333 |       0.00000 |       0.00000 |       0.00000 |      -3.34479 |      -0.71915 |     179.69753 |     164.34627 |       1.49881 |       0.16696 |     179.97090 |      -4.72088 |       0.11203 |      47.50177 |    -122.30821 |    1439.51941 |    1163.53870 |       1.00000 |    1450.09448 |      47.50000 |    -122.00000 |       0.14070 |       1.00000 | 
    300.75134 |      45.52764 |      45.52764 |       0.00000 |      20.29904 |      12.29904 |       0.52467 |      72.22762 |      72.12516 |      73.66708 |      75.26849 |      83.11806 |      84.77457 |      86.91262 |      -0.04791 |      -0.04527 |       0.00000 |       0.00000 |       0.00000 |       0.00000 |       0.00000 |       0.00000 |       0.00000 |      -0.07820 |      -0.03516 |       0.00544 |       0.00000 |       0.00000 |       0.00000 |       0.00000 |       0.33333 |       0.33333 |       0.00000 |       0.00000 |       0.00000 |      -3.35669 |      -0.80685 |     179.68039 |     164.32915 |       1.48940 |       0.16635 |     179.95699 |      -4.72358 |       0.11644 |      47.50174 |    -122.30821 |    1438.46460 |    1162.52734 |       1.00000 |    1449.00928 |      47.50000 |    -122.00000 |       0.14070 |       1.00000 | 
    300.89127 |      45.62814 |      45.62814 |       0.00000 |      20.29906 |      12.29906 |       0.52469 |      72.21510 |      72.11124 |      73.65172 |      75.25243 |      83.10366 |      84.75688 |      86.89475 |      -0.04791 |      -0.04527 |       0.00000 |       0.00000 |       0.00000 |       0.00000 |       0.00000 |       0.00000 |       0.00000 |      -0.07795 |      -0.03515 |       0.00551 |       0.00000 |       0.00000 |       0.00000 |       0.00000 |       0.33333 |       0.33333 |       0.00000 |       0.00000 |       0.00000 |      -3.36965 |      -0.89488 |     179.66035 |     164.30911 |       1.48172 |       0.16520 |     179.94080 |      -4.72896 |       0.12047 |      47.50171 |    -122.30821 |    1437.40906 |    1161.50952 |       1.00000 |    1447.92810 |      47.50000 |    -122.00000 |       0.14070 |       1.00000 | 
    301.05267 |      45.72865 |      45.72865 |       0.00000 |      20.29909 |      12.29909 |       0.52472 |      72.20232 |      72.09781 |      73.63684 |      75.23656 |      83.08894 |      84.73977 |      86.87739 |      -0.04696 |      -0.04527 |       0.00000 |       0.00000 |       0.00000 |       0.00000 |       0.00000 |       0.00000 |       0.00000 |      -0.07697 |      -0.03514 |       0.00557 |       0.00000 |       0.00000 |       0.00000 |       0.00000 |       0.33333 |       0.33333 |       0.00000 |       0.00000 |       0.00000 |      -3.38214 |      -0.98322 |     179.63773 |     164.28650 |       1.47683 |       0.16383 |     179.92229 |      -4.73660 |       0.12411 |      47.50167 |    -122.30821 |    1436.35217 |    1160.41956 |       1.00000 |    1446.85046 |      47.50000 |    -122.00000 |       0.14070 |       1.00000 | 
    301.19177 |      45.82915 |      45.82915 |       0.00000 |      20.29912 |      12.29912 |       0.52475 |      72.18934 |      72.08480 |      73.62241 |      75.22093 |      83.07401 |      84.72315 |      86.86050 |      -0.04479 |      -0.04527 |       0.00000 |       0.00000 |       0.00000 |       0.00000 |       0.00000 |       0.00000 |       0.00000 |      -0.07503 |      -0.03513 |       0.00563 |       0.00000 |       0.00000 |       0.00000 |       0.00000 |       0.33333 |       0.33333 |       0.00000 |       0.00000 |       0.00000 |      -3.39267 |      -1.07187 |     179.61278 |     164.26155 |       1.47557 |       0.16261 |     179.90146 |      -4.74585 |       0.12737 |      47.50164 |    -122.30821 |    1435.29358 |    1159.32874 |       1.00000 |    1445.77576 |      47.50000 |    -122.00000 |       0.14070 |       1.00000 | 
    301.33200 |      45.92965 |      45.92965 |       0.00000 |      20.29915 |      12.29915 |       0.52478 |      72.17625 |      72.07220 |      73.60840 |      75.20559 |      83.05894 |      84.70703 |      86.84412 |      -0.03487 |      -0.04527 |       0.00000 |       0.00000 |       0.00000 |       0.00000 |       0.00000 |       0.00000 |       0.00000 |      -0.06614 |      -0.03512 |       0.00568 |       0.00000 |       0.00000 |       0.00000 |       0.00000 |       0.33333 |       0.33333 |       0.00000 |       0.00000 |       0.00000 |      -3.39730 |      -1.16077 |     179.58574 |     164.23453 |       1.48161 |       0.16179 |     179.87836 |      -4.75647 |       0.13030 |      47.50160 |    -122.30821 |    1434.23291 |    1158.22571 |       1.00000 |    1444.70386 |      47.50000 |    -122.00000 |       0.14070 |       1.00000 | 
    301.46918 |      46.03015 |      46.03015 |       0.00000 |      20.29918 |      12.29918 |       0.52481 |      72.16309 |      72.05988 |      73.59467 |      75.19061 |      83.04381 |      84.69123 |      86.82800 |      -0.03318 |      -0.04527 |       0.00000 |       0.00000 |       0.00000 |       0.00000 |       0.00000 |       0.00000 |       0.00000 |      -0.06580 |      -0.03511 |       0.00572 |       0.00000 |       0.00000 |       0.00000 |       0.00000 |       0.33333 |       0.33333 |       0.00000 |       0.00000 |       0.00000 |      -3.39164 |      -1.24989 |     179.55685 |     164.20564 |       1.49658 |       0.16175 |     179.85287 |      -4.76577 |       0.13295 |      47.50156 |    -122.30821 |    1433.17017 |    1157.12976 |       1.00000 |    1443.63403 |      47.50000 |    -122.00000 |       0.14070 |       1.00000 | 
    301.53745 |      46.08040 |      46.08040 |       0.00000 |      20.29919 |      12.29919 |       0.52482 |      72.15649 |      72.05372 |      73.58778 |      75.18325 |      83.03622 |      84.68331 |      86.81993 |      -0.03235 |      -0.04527 |       0.00000 |       0.00000 |       0.00000 |       0.00000 |       0.00000 |       0.00000 |       0.00000 |      -0.06558 |      -0.03511 |       0.00574 |       0.00000 |       0.00000 |       0.00000 |       0.00000 |       0.33333 |       0.33333 |       0.00000 |       0.00000 |       0.00000 |      -3.38566 |      -1.29452 |     179.54179 |     164.19058 |       1.50590 |       0.16208 |     179.83926 |      -4.76914 |       0.13419 |      47.50155 |    -122.30821 |    1432.63831 |    1156.61206 |       1.00000 |    1443.09973 |      47.50000 |    -122.00000 |       0.14070 |       1.00000 | 
    301.69611 |      46.18090 |      46.18090 |       0.00000 |      20.29922 |      12.29922 |       0.52485 |      72.14327 |      72.04128 |      73.57392 |      75.16875 |      83.02100 |      84.66737 |      86.80365 |      -0.03130 |      -0.04527 |       0.00000 |       0.00000 |       0.00000 |       0.00000 |       0.00000 |       0.00000 |       0.00000 |      -0.06557 |      -0.03511 |       0.00577 |       0.00000 |       0.00000 |       0.00000 |       0.00000 |       0.33333 |       0.33333 |       0.00000 |       0.00000 |       0.00000 |      -3.36928 |      -1.38386 |     179.51065 |     164.15945 |       1.52578 |       0.16360 |     179.81026 |      -4.77279 |       0.13655 |      47.50151 |    -122.30821 |    1431.57385 |    1155.57556 |       1.00000 |    1442.03223 |      47.50000 |    -122.00000 |       0.14070 |       1.00000 | 
    301.85025 |      46.28141 |      46.28141 |       0.00000 |      20.29925 |      12.29924 |       0.52487 |      72.13007 |      72.02858 |      73.55980 |      75.15440 |      83.00580 |      84.65111 |      86.78702 |      -0.03107 |      -0.04527 |       0.00000 |       0.00000 |       0.00000 |       0.00000 |       0.00000 |       0.00000 |       0.00000 |      -0.06620 |      -0.03510 |       0.00580 |       0.00000 |       0.00000 |       0.00000 |       0.00000 |       0.33333 |       0.33333 |       0.00000 |       0.00000 |       0.00000 |      -3.34837 |      -1.47327 |     179.47816 |     164.12697 |       1.54597 |       0.16624 |     179.77893 |      -4.77236 |       0.13884 |      47.50148 |    -122.30821 |    1430.50928 |    1154.58044 |       1.00000 |    1440.96558 |      47.50000 |    -122.00000 |       0.14070 |       1.00000 | 
    301.98697 |      46.38191 |      46.38191 |       0.00000 |      20.29927 |      12.29927 |       0.52490 |      72.11684 |      72.01546 |      73.54524 |      75.14005 |      82.99058 |      84.63435 |      86.76991 |      -0.02761 |      -0.02097 |       0.00000 |       0.00000 |       0.00000 |       0.00000 |       0.00000 |       0.00000 |       0.00000 |      -0.06335 |      -0.01129 |       0.00583 |       0.00000 |       0.00000 |       0.00000 |       0.00000 |       0.33333 |       0.33333 |       0.00000 |       0.00000 |       0.00000 |      -3.32618 |      -1.54722 |     179.44432 |     164.09314 |       1.56351 |       0.16927 |     179.74545 |      -4.76806 |       0.14129 |      47.50144 |    -122.30821 |    1429.44568 |    1153.54089 |       1.00000 |    1439.89990 |      47.50000 |    -122.00000 |       0.14070 |       1.00000 | 
